{
  "type": "minecraft:crafting_shapeless",
  "category": "misc",
  "ingredients": [
    {
      "item": "paradox:bronze_ingot"
    },
    {
      "item": "paradox:bronze_ingot"
    },
    {
      "item": "paradox:bronze_ingot"
    },
    {
      "item": "paradox:bronze_ingot"
    },
    {
      "item": "paradox:bronze_ingot"
    },
    {
      "item": "paradox:bronze_ingot"
    },
    {
      "item": "paradox:bronze_ingot"
    },
    {
      "item": "paradox:bronze_ingot"
    }
  ],
  "result": {
    "item": "paradox:bronze_filing_cabinet",
    "count": 2
  }
}