{
  "type": "minecraft:crafting_shapeless",
  "category": "misc",
  "ingredients": [
    {
      "item": "paradox:mechanism"
    },
    {
      "item": "minecraft:gunpowder"
    },
    {
      "item": "minecraft:redstone"
    },
    {
      "item": "minecraft:gunpowder"
    },
    {
      "item": "minecraft:gunpowder"
    },
    {
      "item": "minecraft:gunpowder"
    },
    {
      "item": "paradox:bronze_ingot"
    },
    {
      "item": "minecraft:gunpowder"
    },
    {
      "item": "paradox:mechanism"
    }
  ],
  "result": {
    "item": "paradox:time_bomb",
    "count": 1
  }
}