{
  "type": "minecraft:crafting_shaped",
  "category": "misc",
  "pattern": [
    "aba",
    "cde",
    "afa"
  ],
  "key": {
    "a": {
      "item": "paradox:mutant_meat"
    },
    "b": {
      "item": "paradox:battery"
    },
    "c": {
      "item": "paradox:adrenaline"
    },
    "d": {
      "item": "paradox:energy_condenser"
    },
    "e": {
      "item": "paradox:steroids"
    },
    "f": {
      "item": "paradox:circuit"
    }
  },
  "result": {
    "item": "paradox:implant",
    "count": 1
  }
}