{
  "type": "minecraft:crafting_shaped",
  "category": "misc",
  "pattern": [
    " ab",
    "cde",
    " ef"
  ],
  "key": {
    "a": {
      "item": "minecraft:redstone"
    },
    "b": {
      "item": "paradox:bronze_ingot"
    },
    "c": {
      "item": "paradox:energy_condenser"
    },
    "d": {
      "item": "minecraft:iron_ingot"
    },
    "e": {
      "item": "paradox:circuit"
    },
    "f": {
      "item": "paradox:battery"
    }
  },
  "result": {
    "item": "paradox:electric_gun",
    "count": 1
  }
}