{
  "type": "minecraft:crafting_shaped",
  "category": "misc",
  "pattern": [
    "abc",
    "dde",
    "acf"
  ],
  "key": {
    "a": {
      "item": "minecraft:iron_ingot"
    },
    "b": {
      "item": "paradox:bronze_ingot"
    },
    "c": {
      "item": "paradox:circuit"
    },
    "d": {
      "item": "paradox:energy_condenser"
    },
    "e": {
      "item": "paradox:mechanism"
    },
    "f": {
      "item": "paradox:battery"
    }
  },
  "result": {
    "item": "paradox:tesla_gun",
    "count": 1
  }
}