{
  "has_precipitation": true,
  "temperature": 0.2,
  "downfall": 0.5,
  "effects": {
    "ambient_sound": "paradox:noise",
    "mood_sound": {
      "sound": "paradox:gears_ambient",
      "tick_delay": 3000,
      "offset": 8,
      "block_search_extent": 2
    },
    "additions_sound": {
      "sound": "block.pointed_dripstone.drip_water",
      "tick_chance": 0.0111
    },
    "music": {
      "sound": "paradox:industrial",
      "min_delay": 12000,
      "max_delay": 24000,
      "replace_current_music": true
    },
    "particle": {
      "options": {
        "type": "white_ash"
      },
      "probability": 0.003
    },
    "foliage_color": -10066432,
    "grass_color": -10066432,
    "sky_color": -16764109,
    "fog_color": -13421773,
    "water_color": 4159204,
    "water_fog_color": 329011
  },
  "spawners": {
    "monster": [],
    "creature": [],
    "ambient": [],
    "axolotls": [],
    "underground_water_creature": [],
    "water_creature": [],
    "water_ambient": [],
    "misc": []
  },
  "spawn_costs": {},
  "carvers": {},
  "features": [
    [],
    [],
    [],
    [],
    [],
    [],
    [],
    [],
    [],
    [],
    []
  ]
}