{
  "credit": "Made with Blockbench",
  "parent": "builtin/entity",
  "texture_size": [
    64,
    64
  ],
  "display": {
    "thirdperson_righthand": {
      "rotation": [
        -1,
        2,
        -1
      ],
      "translation": [
        -1.25,
        -10.75,
        1.25
      ],
      "scale": [
        0.83,
        0.76,
        0.67
      ]
    },
    "thirdperson_lefthand": {
      "rotation": [
        -1,
        2,
        -1
      ],
      "translation": [
        1,
        -10.75,
        1.25
      ],
      "scale": [
        0.83,
        0.76,
        0.67
      ]
    },
    "firstperson_righthand": {
      "rotation": [
        20,
        10,
        -7
      ],
      "translation": [
        5.25,
        -15.5,
        -4.5
      ]
    },
    "firstperson_lefthand": {
      "rotation": [
        20,
        17,
        -7
      ],
      "translation": [
        8.75,
        -13.75,
        -4.5
      ]
    },
    "ground": {
      "translation": [
        0,
        0,
        8.5
      ],
      "scale": [
        0.62,
        0.57,
        0.59
      ]
    },
    "gui": {
      "rotation": [
        85,
        -52,
        93
      ],
      "translation": [
        -3.25,
        -8,
        0
      ],
      "scale": [
        0.59,
        0.54,
        0.54
      ]
    },
    "fixed": {
      "rotation": [
        85,
        -52,
        93
      ],
      "translation": [
        -4,
        -8.25,
        0
      ],
      "scale": [
        0.65,
        0.61,
        0.62
      ]
    }
  },
  "textures": {
    "particle": "item/soplador"
  }
}