{
  "credit": "Made with Blockbench",
  "parent": "builtin/entity",
  "texture_size": [
    32,
    32
  ],
  "display": {
    "thirdperson_righthand": {
      "translation": [
        0,
        -6.25,
        -1.75
      ],
      "scale": [
        0.84,
        0.89,
        0.82
      ]
    },
    "thirdperson_lefthand": {
      "translation": [
        0,
        -7.25,
        -1.75
      ],
      "scale": [
        0.84,
        0.89,
        0.82
      ]
    },
    "firstperson_righthand": {
      "rotation": [
        5,
        0,
        0
      ],
      "translation": [
        -9,
        -6.5,
        -6.25
      ]
    },
    "firstperson_lefthand": {
      "rotation": [
        5,
        0,
        0
      ],
      "translation": [
        5.25,
        -6.5,
        -6.25
      ]
    },
    "gui": {
      "rotation": [
        -90,
        -128,
        -90
      ],
      "translation": [
        3,
        -7,
        -1
      ],
      "scale": [
        0.71,
        0.75,
        0.73
      ]
    },
    "fixed": {
      "rotation": [
        -90,
        -128,
        -90
      ],
      "translation": [
        2.75,
        -6,
        -1
      ],
      "scale": [
        0.71,
        0.75,
        0.73
      ]
    }
  },
  "textures": {
    "particle": "item/ecopetaaaa"
  }
}