{
  "credit": "Made with Blockbench",
  "parent": "builtin/entity",
  "display": {
    "thirdperson_righthand": {
      "translation": [
        3,
        0.5,
        1.75
      ],
      "scale": [
        0.75,
        0.7,
        0.78
      ]
    },
    "thirdperson_lefthand": {
      "translation": [
        -3.25,
        0.5,
        1.75
      ],
      "scale": [
        0.75,
        0.7,
        0.78
      ]
    },
    "firstperson_righthand": {
      "rotation": [
        6,
        10,
        0
      ],
      "translation": [
        10.25,
        2,
        -3
      ]
    },
    "firstperson_lefthand": {
      "rotation": [
        6,
        20,
        0
      ],
      "translation": [
        3,
        2,
        -0.5
      ]
    },
    "ground": {
      "translation": [
        0,
        10.5,
        -2
      ]
    },
    "gui": {
      "rotation": [
        79,
        -61,
        83
      ],
      "translation": [
        -4,
        -2.75,
        -3.5
      ]
    },
    "fixed": {
      "rotation": [
        79,
        -77,
        75
      ],
      "translation": [
        -4,
        -2.75,
        4
      ]
    }
  },
  "textures": {
    "particle": "item/grapadora"
  }
}