{
  "credit": "Made with Blockbench",
  "parent": "builtin/entity",
  "texture_size": [
    32,
    32
  ],
  "display": {
    "thirdperson_righthand": {
      "translation": [
        0,
        -4,
        -2.25
      ],
      "scale": [
        0.64,
        0.64,
        0.57
      ]
    },
    "thirdperson_lefthand": {
      "translation": [
        0,
        -4,
        -2.25
      ],
      "scale": [
        0.64,
        0.64,
        0.57
      ]
    },
    "firstperson_righthand": {
      "rotation": [
        17,
        1,
        -2
      ],
      "translation": [
        -9.25,
        -3.75,
        -7
      ],
      "scale": [
        0.64,
        0.61,
        0.69
      ]
    },
    "firstperson_lefthand": {
      "rotation": [
        17,
        1,
        -2
      ],
      "translation": [
        6.75,
        -3.75,
        -7
      ],
      "scale": [
        0.64,
        0.61,
        0.69
      ]
    },
    "ground": {
      "scale": [
        0.78,
        0.8,
        0.85
      ]
    },
    "gui": {
      "rotation": [
        -79,
        -121,
        -80
      ],
      "translation": [
        1,
        -5.5,
        0
      ],
      "scale": [
        0.7,
        0.7,
        0.7
      ]
    },
    "fixed": {
      "rotation": [
        -79,
        -121,
        -80
      ],
      "translation": [
        1.75,
        -5.5,
        0
      ],
      "scale": [
        0.7,
        0.7,
        0.7
      ]
    }
  },
  "textures": {
    "particle": "item/armaa"
  }
}