{
  "credit": "Made with Blockbench",
  "parent": "builtin/entity",
  "texture_size": [
    64,
    64
  ],
  "display": {
    "thirdperson_righthand": {
      "translation": [
        0,
        -5.75,
        -1.75
      ],
      "scale": [
        0.72,
        0.75,
        0.74
      ]
    },
    "thirdperson_lefthand": {
      "translation": [
        0,
        -5.75,
        -1.75
      ],
      "scale": [
        0.72,
        0.75,
        0.74
      ]
    },
    "firstperson_righthand": {
      "rotation": [
        9,
        0,
        0
      ],
      "translation": [
        -8.75,
        -7.75,
        -4.25
      ]
    },
    "firstperson_lefthand": {
      "rotation": [
        9,
        0,
        0
      ],
      "translation": [
        -8.75,
        -7.75,
        -4.25
      ]
    },
    "gui": {
      "rotation": [
        90,
        -54,
        94
      ],
      "translation": [
        1.75,
        -6.5,
        0
      ],
      "scale": [
        0.71,
        0.7,
        0.7
      ]
    },
    "fixed": {
      "rotation": [
        90,
        -54,
        94
      ],
      "translation": [
        1.75,
        -6.5,
        0
      ],
      "scale": [
        0.71,
        0.7,
        0.7
      ]
    }
  },
  "textures": {
    "particle": "item/ecopeta"
  }
}