{
  "credit": "Made with Blockbench",
  "parent": "builtin/entity",
  "texture_size": [
    64,
    64
  ],
  "display": {
    "thirdperson_righthand": {
      "translation": [
        -1.5,
        -10.75,
        0
      ],
      "scale": [
        0.88,
        0.67,
        0.76
      ]
    },
    "thirdperson_lefthand": {
      "translation": [
        1.25,
        -10.75,
        0
      ],
      "scale": [
        0.88,
        0.67,
        0.76
      ]
    },
    "firstperson_righthand": {
      "rotation": [
        31,
        18,
        -6
      ],
      "translation": [
        6.25,
        -13.25,
        -12.5
      ]
    },
    "firstperson_lefthand": {
      "rotation": [
        31,
        18,
        -6
      ],
      "translation": [
        7,
        -13.25,
        -13.5
      ]
    },
    "ground": {
      "scale": [
        0.73,
        0.75,
        0.75
      ]
    },
    "gui": {
      "rotation": [
        90,
        -45,
        90
      ],
      "translation": [
        1,
        -6.5,
        0
      ],
      "scale": [
        0.66,
        0.67,
        0.66
      ]
    },
    "fixed": {
      "rotation": [
        90,
        -45,
        90
      ],
      "translation": [
        1,
        -6.5,
        0
      ],
      "scale": [
        0.66,
        0.67,
        0.66
      ]
    }
  },
  "textures": {
    "particle": "item/sierrra"
  }
}