{
  "credit": "Made with Blockbench",
  "parent": "builtin/entity",
  "texture_size": [
    64,
    64
  ],
  "display": {
    "thirdperson_righthand": {
      "translation": [
        0,
        -5.75,
        -1.75
      ],
      "scale": [
        0.72,
        0.75,
        0.74
      ]
    },
    "thirdperson_lefthand": {
      "translation": [
        0,
        -5.75,
        -1.75
      ],
      "scale": [
        0.72,
        0.75,
        0.74
      ]
    },
    "firstperson_righthand": {
      "rotation": [
        29,
        37,
        -36
      ],
      "translation": [
        -0.25,
        -6.75,
        -12.5
      ]
    },
    "firstperson_lefthand": {
      "rotation": [
        29,
        37,
        -36
      ],
      "translation": [
        -0.25,
        -6.75,
        -12.5
      ]
    },
    "gui": {
      "rotation": [
        90,
        -54,
        94
      ],
      "translation": [
        2.5,
        -5,
        0
      ],
      "scale": [
        0.71,
        0.7,
        0.7
      ]
    },
    "fixed": {
      "rotation": [
        90,
        -54,
        94
      ],
      "translation": [
        2.75,
        -5.25,
        0
      ],
      "scale": [
        0.71,
        0.7,
        0.7
      ]
    }
  },
  "textures": {
    "particle": "item/ecopeta"
  }
}