{
  "credit": "Made with Blockbench",
  "parent": "builtin/entity",
  "display": {
    "thirdperson_righthand": {
      "rotation": [
        75,
        45,
        0
      ],
      "translation": [
        -1.25,
        2.5,
        -2.5
      ],
      "scale": [
        0.375,
        0.375,
        0.375
      ]
    },
    "thirdperson_lefthand": {
      "rotation": [
        75,
        45,
        0
      ],
      "translation": [
        -1.25,
        2.5,
        -2.5
      ],
      "scale": [
        0.375,
        0.375,
        0.375
      ]
    },
    "firstperson_righthand": {
      "rotation": [
        0,
        132,
        0
      ],
      "translation": [
        0,
        -1.25,
        0
      ],
      "scale": [
        0.4,
        0.4,
        0.4
      ]
    },
    "firstperson_lefthand": {
      "rotation": [
        0,
        132,
        0
      ],
      "translation": [
        0,
        -1.25,
        0
      ],
      "scale": [
        0.4,
        0.4,
        0.4
      ]
    },
    "ground": {
      "rotation": [
        88,
        0,
        0
      ],
      "translation": [
        0,
        5.5,
        -6.5
      ],
      "scale": [
        0.82,
        0.82,
        0.8
      ]
    },
    "gui": {
      "rotation": [
        88,
        0,
        0
      ],
      "translation": [
        0,
        5.5,
        -6.5
      ],
      "scale": [
        0.82,
        0.82,
        0.8
      ]
    },
    "fixed": {
      "translation": [
        0,
        -6.75,
        -3
      ],
      "scale": [
        0.82,
        0.82,
        0.8
      ]
    }
  },
  "textures": {
    "particle": "item/puertaproo"
  }
}