{
  "credit": "Made with Blockbench",
  "parent": "builtin/entity",
  "texture_size": [
    64,
    64
  ],
  "display": {
    "thirdperson_righthand": {
      "translation": [
        0,
        -13.5,
        2
      ]
    },
    "thirdperson_lefthand": {
      "translation": [
        0,
        -13.5,
        2
      ]
    },
    "firstperson_righthand": {
      "rotation": [
        -17,
        -28,
        -7
      ],
      "translation": [
        2.75,
        -10,
        -5.75
      ],
      "scale": [
        1,
        1.02,
        1.17
      ]
    },
    "firstperson_lefthand": {
      "rotation": [
        -17,
        -28,
        -7
      ],
      "translation": [
        2.75,
        -10,
        -5.75
      ],
      "scale": [
        1,
        1.02,
        1.17
      ]
    },
    "gui": {
      "rotation": [
        0,
        0,
        -45
      ],
      "translation": [
        -3.75,
        -5,
        0
      ],
      "scale": [
        0.46,
        0.55,
        0.65
      ]
    },
    "fixed": {
      "rotation": [
        0,
        0,
        44
      ],
      "translation": [
        5,
        -4.75,
        0
      ],
      "scale": [
        0.63,
        0.66,
        0.7
      ]
    }
  },
  "textures": {
    "particle": "item/ecopeta"
  }
}