{
  "_fv": 73,
  "_type": "tool",
  "definition": {
    "toolType": "Special",
    "renderType": 1,
    "blockingRenderType": 0,
    "texture": "minecraft:blaze_rod",
    "customModelName": "paloee:default",
    "blockingModelName": "Normal blocking",
    "name": "Bronze Pipe",
    "specialInformation": {
      "fixedValue": []
    },
    "creativeTabs": [
      {
        "value": "CUSTOM:Paradox"
      }
    ],
    "efficiency": 4.0,
    "attackSpeed": 0.7000000000000001,
    "enchantability": 2,
    "damageVsEntity": 7.0,
    "usageCount": 100,
    "glowCondition": {
      "fixedValue": false
    },
    "repairItems": [],
    "immuneToFire": false,
    "blockDropsTier": "WOOD",
    "blocksAffected": [],
    "stayInGridWhenCrafting": false,
    "damageOnCrafting": false,
    "onEntityHitWith": {
      "name": "BronzePipeLivingEntityIsHitWithTool"
    }
  }
}