{
  "_fv": 73,
  "_type": "projectile",
  "definition": {
    "projectileItem": {
      "value": "CUSTOM:Dinamite"
    },
    "showParticles": true,
    "actionSound": {
      "value": "entity.arrow.shoot"
    },
    "igniteFire": false,
    "power": 0.5,
    "damage": 0.0,
    "knockback": 0,
    "entityModel": "Default",
    "customModelTexture": "",
    "modelWidth": 0.4,
    "modelHeight": 0.4,
    "onHitsBlock": {
      "name": "DinamiteProjectileProjectileHitsBlock"
    },
    "onHitsEntity": {
      "name": "DinamiteProjectileProjectileHitsBlock"
    }
  }
}