{
  "_fv": 73,
  "_type": "tool",
  "definition": {
    "toolType": "Shield",
    "renderType": 1,
    "blockingRenderType": 1,
    "texture": "minecraft:apple",
    "customModelName": "escudoo:default",
    "blockingModelName": "escudoo2:default",
    "name": "Door Shield",
    "specialInformation": {
      "fixedValue": []
    },
    "creativeTabs": [
      {
        "value": "CUSTOM:Paradox"
      }
    ],
    "efficiency": 4.0,
    "attackSpeed": 1.0,
    "enchantability": 2,
    "damageVsEntity": 4.0,
    "usageCount": 20,
    "glowCondition": {
      "fixedValue": false
    },
    "repairItems": [],
    "immuneToFire": false,
    "blockDropsTier": "WOOD",
    "blocksAffected": [],
    "stayInGridWhenCrafting": false,
    "damageOnCrafting": false
  }
}