{
  "_fv": 73,
  "_type": "animateditem",
  "definition": {
    "renderType": 0,
    "texture": "e",
    "name": "Electric Saw",
    "idle": "sawkiet",
    "rarity": "COMMON",
    "displaySettings": "sidae_displai.json",
    "leftArm": "",
    "rightArm": "",
    "creativeTabs": [
      {
        "value": "CUSTOM:Paradox"
      }
    ],
    "firstPersonArms": false,
    "stackSize": 1,
    "enchantability": 0,
    "useDuration": 0,
    "toolType": 1.0,
    "damageCount": 80,
    "recipeRemainder": {
      "value": ""
    },
    "destroyAnyBlock": false,
    "immuneToFire": false,
    "stayInGridWhenCrafting": false,
    "enableArmPose": true,
    "damageOnCrafting": false,
    "enableMeleeDamage": false,
    "damageVsEntity": 0.0,
    "specialInformation": {
      "fixedValue": [
        "5 of damage if has Energy, with no cooldown",
        "Slowly consumes  Energy while on hand ",
        "Deals 2 of damage to mobs in front of the player if has Energy"
      ]
    },
    "hasGlow": false,
    "guiBoundTo": "<NONE>",
    "inventorySize": 9,
    "inventoryStackSize": 64,
    "onEntityHitWith": {
      "name": "ElectricSawLivingEntityIsHitWithItem"
    },
    "onItemInUseTick": {
      "name": "Activarsierra"
    },
    "isFood": false,
    "nutritionalValue": 4,
    "saturation": 0.3,
    "eatResultItem": {
      "value": ""
    },
    "isMeat": false,
    "isAlwaysEdible": false,
    "animation": "none",
    "normal": "sidae.geo.json",
    "armPoseList": [
      {
        "armHeld": "RIGHT",
        "arm": "RIGHT",
        "angle": "X",
        "rotation": 80.0,
        "swings": false,
        "followsHead": true
      }
    ],
    "disableSwing": false
  }
}