{
  "_fv": 73,
  "_type": "projectile",
  "definition": {
    "projectileItem": {
      "value": "Blocks.AIR"
    },
    "showParticles": false,
    "actionSound": {
      "value": "CUSTOM:electricgun"
    },
    "igniteFire": false,
    "power": 3.0,
    "damage": 3.1,
    "knockback": 1,
    "entityModel": "Default",
    "customModelTexture": "",
    "modelWidth": 0.30000000000000004,
    "modelHeight": 0.30000000000000004,
    "onHitsBlock": {
      "name": "FuelBarrelPlayerStartsToDestroy"
    },
    "onFlyingTick": {
      "name": "ElectricWhileProjectileFlyingTick"
    }
  }
}