{
  "_fv": 73,
  "_type": "curiosbauble",
  "definition": {
    "renderType": 0,
    "texture": "helicpetarhat",
    "customModelName": "Normal",
    "name": "Helicopter Hat",
    "rarity": "COMMON",
    "slotType": "HEAD",
    "baubleModel": "Modelgorro_mecanicoja",
    "baubleModelTexture": "volador.png",
    "creativeTab": {
      "value": "CUSTOM:Paradox"
    },
    "stackSize": 1,
    "enchantability": 0,
    "useDuration": 0,
    "toolType": 1.0,
    "damageCount": 0,
    "recipeRemainder": {
      "value": ""
    },
    "destroyAnyBlock": false,
    "immuneToFire": false,
    "stayInGridWhenCrafting": false,
    "damageOnCrafting": false,
    "enableMeleeDamage": false,
    "addSlot": true,
    "damageVsEntity": 0.0,
    "specialInformation": {
      "fixedValue": [
        "Grants Slow Falling",
        ""
      ]
    },
    "hasGlow": false,
    "customProperties": {},
    "states": [],
    "guiBoundTo": "<NONE>",
    "inventorySize": 9,
    "inventoryStackSize": 64,
    "slotAmount": 1,
    "curioTick": {
      "name": "HelicopterHatBaubleIsEquipped"
    },
    "onEquip": {
      "name": "HelicopterHatBaubleIsEquipped"
    },
    "isFood": false,
    "friendlyPigs": false,
    "enderMask": false,
    "rotateModel": true,
    "translateModel": true,
    "nutritionalValue": 4,
    "saturation": 0.3,
    "eatResultItem": {
      "value": ""
    },
    "isMeat": false,
    "isAlwaysEdible": false,
    "hasModel": true,
    "animation": "none"
  }
}