{
  "_fv": 73,
  "_type": "fluid",
  "definition": {
    "name": "Hot Water",
    "bucketName": "Hot Water Bucket",
    "textureStill": "hirviendo",
    "textureFlowing": "hirviendo",
    "textureRenderOverlay": "",
    "hasFog": true,
    "fogStartDistance": {
      "fixedValue": 0.0
    },
    "fogEndDistance": {
      "fixedValue": 48.0
    },
    "tintType": "No tint",
    "canMultiply": false,
    "flowRate": 7,
    "levelDecrease": 1,
    "slopeFindDistance": 4,
    "spawnParticles": false,
    "dripParticle": {
      "value": "CUSTOM:Laser"
    },
    "flowStrength": 0.7000000000000001,
    "luminosity": 0,
    "density": 1000,
    "viscosity": 1000,
    "temperature": 300,
    "type": "WATER",
    "generateBucket": true,
    "textureBucket": "",
    "creativeTabs": [
      {
        "value": "CUSTOM:Paradox"
      }
    ],
    "emptySound": {
      "value": ""
    },
    "rarity": "COMMON",
    "specialInformation": {
      "fixedValue": []
    },
    "resistance": 100.0,
    "luminance": 2,
    "lightOpacity": 1,
    "emissiveRendering": false,
    "tickRate": 5,
    "flammability": 0,
    "fireSpreadSpeed": 0,
    "colorOnMap": "DEFAULT",
    "onEntityCollides": {
      "name": "HotWaterMobplayerCollidesBlock"
    },
    "onRandomUpdateEvent": {
      "name": "HotWaterOnRandomClientDisplayTick"
    }
  }
}