{
  "_fv": 73,
  "_type": "projectile",
  "definition": {
    "projectileItem": {
      "value": "CUSTOM:Nail"
    },
    "showParticles": false,
    "actionSound": {
      "value": "entity.arrow.shoot"
    },
    "igniteFire": false,
    "power": 0.8,
    "damage": 1.0,
    "knockback": 0,
    "entityModel": "Modelarroww",
    "customModelTexture": "calvo.png",
    "modelWidth": 0.30000000000000004,
    "modelHeight": 0.30000000000000004,
    "onHitsBlock": {
      "name": "FuelBarrelPlayerStartsToDestroy"
    }
  }
}