{
  "_fv": 73,
  "_type": "animateditem",
  "definition": {
    "renderType": 0,
    "texture": "ecopeta",
    "name": "Nail Shotgun",
    "idle": "no",
    "rarity": "COMMON",
    "displaySettings": "escopeta_display.json",
    "leftArm": "",
    "rightArm": "",
    "creativeTabs": [
      {
        "value": "CUSTOM:Paradox"
      }
    ],
    "firstPersonArms": false,
    "stackSize": 1,
    "enchantability": 0,
    "useDuration": 0,
    "toolType": 1.0,
    "damageCount": 0,
    "recipeRemainder": {
      "value": ""
    },
    "destroyAnyBlock": false,
    "immuneToFire": false,
    "stayInGridWhenCrafting": false,
    "enableArmPose": true,
    "damageOnCrafting": false,
    "enableMeleeDamage": false,
    "damageVsEntity": 0.0,
    "specialInformation": {
      "fixedValue": [
        "Shoots if you have Nails and Gunpowder on inventory"
      ]
    },
    "hasGlow": false,
    "guiBoundTo": "<NONE>",
    "inventorySize": 9,
    "inventoryStackSize": 64,
    "onRightClickedInAir": {
      "name": "Nilshotgun"
    },
    "isFood": false,
    "nutritionalValue": 4,
    "saturation": 0.3,
    "eatResultItem": {
      "value": ""
    },
    "isMeat": false,
    "isAlwaysEdible": false,
    "animation": "none",
    "normal": "shotgan.geo.json",
    "armPoseList": [
      {
        "armHeld": "RIGHT",
        "arm": "RIGHT",
        "angle": "X",
        "rotation": 80.0,
        "swings": false,
        "followsHead": true
      }
    ],
    "disableSwing": false
  }
}