{
  "_fv": 73,
  "_type": "biome",
  "definition": {
    "name": "Ocean",
    "groundBlock": {
      "value": "Blocks.STONE#0"
    },
    "undergroundBlock": {
      "value": "Blocks.DEEPSLATE"
    },
    "underwaterBlock": {
      "value": "CUSTOM:ContaminatedWater"
    },
    "airColor": {
      "value": -16764109,
      "falpha": 0.0
    },
    "fogColor": {
      "value": -13421773,
      "falpha": 0.0
    },
    "grassColor": {
      "value": -10066432,
      "falpha": 0.0
    },
    "foliageColor": {
      "value": -10066432,
      "falpha": 0.0
    },
    "ambientSound": {
      "value": "CUSTOM:noise"
    },
    "additionsSound": {
      "value": "block.pointed_dripstone.drip_water"
    },
    "music": {
      "value": "CUSTOM:industrial"
    },
    "moodSound": {
      "value": "CUSTOM:gears_ambient"
    },
    "moodSoundDelay": 3000,
    "spawnParticles": true,
    "particleToSpawn": {
      "value": "WHITE_ASH"
    },
    "particlesProbability": 0.30000000000000004,
    "rainingPossibility": 0.5,
    "temperature": 0.19999999999999998,
    "spawnBiome": false,
    "spawnInCaves": false,
    "spawnBiomeNether": false,
    "genTemperature": {
      "min": -0.5,
      "max": 0.5
    },
    "genHumidity": {
      "min": -1.5001,
      "max": 0.4986
    },
    "genContinentalness": {
      "min": -1.5,
      "max": 0.45
    },
    "genErosion": {
      "min": -0.5,
      "max": 0.5
    },
    "genWeirdness": {
      "min": -1.0,
      "max": 1.0
    },
    "treesPerChunk": 0,
    "vanillaTreeType": "Default",
    "treeType": 0,
    "minHeight": 7,
    "treeStem": {
      "value": ""
    },
    "treeBranch": {
      "value": ""
    },
    "treeVines": {
      "value": ""
    },
    "treeFruits": {
      "value": ""
    },
    "defaultFeatures": [],
    "spawnStronghold": false,
    "spawnMineshaft": false,
    "spawnMineshaftMesa": false,
    "spawnPillagerOutpost": false,
    "villageType": "none",
    "spawnWoodlandMansion": false,
    "spawnJungleTemple": false,
    "spawnDesertPyramid": false,
    "spawnSwampHut": false,
    "spawnIgloo": false,
    "spawnOceanMonument": false,
    "spawnShipwreck": false,
    "spawnShipwreckBeached": false,
    "spawnBuriedTreasure": false,
    "oceanRuinType": "NONE",
    "spawnNetherBridge": false,
    "spawnNetherFossil": false,
    "spawnBastionRemnant": false,
    "spawnEndCity": false,
    "spawnRuinedPortal": "NONE",
    "spawnEntries": []
  }
}