{
  "_fv": 73,
  "_type": "animatedentity",
  "definition": {
    "mobName": "Paradox",
    "mobLabel": "",
    "mobModelTexture": "paradox5.png",
    "mobModelGlowTexture": "paradox5.png",
    "visualScale": {
      "fixedValue": 1.0
    },
    "boundingBoxScale": {
      "fixedValue": 1.0
    },
    "entityDataEntries": [],
    "modelWidth": 2.0,
    "modelHeight": 2.0,
    "modelShadowSize": 0.0,
    "mountedYOffset": 0.0,
    "stepHeight": 0.6,
    "hasSpawnEgg": true,
    "spawnEggBaseColor": {
      "value": -16751002,
      "falpha": 0.0
    },
    "spawnEggDotColor": {
      "value": -16737895,
      "falpha": 0.0
    },
    "creativeTabs": [
      {
        "value": "CUSTOM:Paradox"
      }
    ],
    "isBoss": true,
    "bossBarColor": "BLUE",
    "bossBarType": "PROGRESS",
    "equipmentMainHand": {
      "value": ""
    },
    "equipmentOffHand": {
      "value": ""
    },
    "equipmentHelmet": {
      "value": ""
    },
    "equipmentBody": {
      "value": ""
    },
    "equipmentLeggings": {
      "value": ""
    },
    "equipmentBoots": {
      "value": ""
    },
    "mobBehaviourType": "Mob",
    "mobCreatureType": "UNDEFINED",
    "attackStrength": 5,
    "attackKnockback": 25.0,
    "knockbackResistance": 5.0,
    "movementSpeed": 0.3,
    "armorBaseValue": 5.0,
    "trackingRange": 64,
    "followRange": 16,
    "health": 200,
    "xpAmount": 100,
    "waterMob": false,
    "flyingMob": true,
    "guiBoundTo": "<NONE>",
    "inventorySize": 9,
    "inventoryStackSize": 64,
    "deathTime": 60,
    "lerp": 4,
    "disableCollisions": false,
    "ridable": false,
    "canControlForward": false,
    "canControlStrafe": false,
    "immuneToFire": false,
    "immuneToArrows": false,
    "immuneToFallDamage": false,
    "immuneToCactus": false,
    "immuneToDrowning": false,
    "immuneToLightning": false,
    "immuneToPotions": false,
    "immuneToPlayer": false,
    "immuneToExplosion": true,
    "immuneToTrident": false,
    "immuneToAnvil": false,
    "immuneToWither": true,
    "immuneToDragonBreath": false,
    "mobDrop": {
      "value": ""
    },
    "livingSound": {
      "value": ""
    },
    "hurtSound": {
      "value": "entity.generic.hurt"
    },
    "deathSound": {
      "value": "entity.generic.death"
    },
    "stepSound": {
      "value": ""
    },
    "raidCelebrationSound": {
      "value": ""
    },
    "whenMobDies": {
      "name": "ParadoxBossEntityDies"
    },
    "whenMobIsHurt": {
      "name": "ParadoxBossEntityIsHurt"
    },
    "onMobTickUpdate": {
      "name": "ParadoxBossOnEntityTickUpdates"
    },
    "hasAI": true,
    "aiBase": "(none)",
    "aixml": "<xml xmlns=\"https://developers.google.com/blockly/xml\"><block type=\"aitasks_container\" deletable=\"false\" x=\"40\" y=\"40\"><next><block type=\"fly\"><field name=\"speed\">0.8</field><field name=\"condition\">Check,null</field><next><block type=\"attack_on_collide\"><field name=\"speed\">1.2</field><field name=\"longmemory\">FALSE</field><field name=\"condition\">Check,null</field><next><block type=\"look_around\"><field name=\"condition\">Check,null</field><next><block type=\"attack_entity\"><field name=\"insight\">FALSE</field><field name=\"nearby\">FALSE</field><field name=\"entity\">EntityPlayer</field><field name=\"condition\">Check,null</field><next><block type=\"attack_action\"><field name=\"callhelp\">FALSE</field><field name=\"condition\">Check,null</field></block></next></block></next></block></next></block></next></block></next></block><block type=\"wander\" x=\"579\" y=\"81\"><field name=\"speed\">1</field><field name=\"condition\">null,null</field><next><block type=\"attack_action\"><field name=\"callhelp\">FALSE</field><field name=\"condition\">null,null</field><next><block type=\"look_around\"><field name=\"condition\">null,null</field><next><block type=\"swim_in_water\"><field name=\"condition\">null,null</field></block></next></block></next></block></next></block><block type=\"attack_on_collide\" x=\"475\" y=\"134\"><field name=\"speed\">1.2</field><field name=\"longmemory\">FALSE</field><field name=\"condition\">null,null</field></block></xml>",
    "model": "paradoxus.geo.json",
    "groupName": "",
    "animation1": "estatic",
    "animation2": "",
    "animation3": "deaty",
    "animation4": "",
    "animation5": "",
    "animation6": "",
    "animation7": "",
    "animation8": "",
    "animation9": "",
    "animation10": "",
    "enable2": false,
    "enable3": true,
    "enable4": false,
    "enable5": false,
    "enable6": false,
    "enable7": false,
    "enable8": false,
    "enable9": false,
    "enable10": false,
    "breedable": false,
    "tameable": false,
    "disableDeathRotation": true,
    "headMovement": false,
    "eyeHeight": false,
    "breedTriggerItems": [],
    "ranged": true,
    "rangedAttackItem": {
      "value": ""
    },
    "rangedItemType": "Electric4",
    "rangedAttackInterval": 10,
    "rangedAttackRadius": 35.0,
    "height": 1.0,
    "attackRate": 7,
    "raidSpawnsCount": [
      4,
      3,
      3,
      4,
      4,
      4,
      2
    ],
    "spawnThisMob": false,
    "doesDespawnWhenIdle": false,
    "spawningProbability": 20,
    "mobSpawningType": "monster",
    "minNumberOfMobsPerGroup": 4,
    "maxNumberOfMobsPerGroup": 4,
    "restrictionBiomes": [],
    "spawnInDungeons": false
  }
}