{
  "_fv": 73,
  "_type": "recipe",
  "definition": {
    "recipeType": "Crafting",
    "recipeRetstackSize": 4,
    "group": "",
    "cookingBookCategory": "MISC",
    "xpReward": 0.0,
    "cookingTime": 200,
    "craftingBookCategory": "MISC",
    "recipeShapeless": false,
    "recipeSlots": [
      {
        "value": "CUSTOM:BronzeTiles"
      },
      {
        "value": ""
      },
      {
        "value": ""
      },
      {
        "value": "CUSTOM:BronzeTiles"
      },
      {
        "value": "CUSTOM:BronzeTiles"
      },
      {
        "value": ""
      },
      {
        "value": "CUSTOM:BronzeTiles"
      },
      {
        "value": "CUSTOM:BronzeTiles"
      },
      {
        "value": "CUSTOM:BronzeTiles"
      }
    ],
    "recipeReturnStack": {
      "value": "CUSTOM:BronzeTilesStairs"
    },
    "name": "r_4",
    "namespace": "mod"
  }
}