{
  "_fv": 73,
  "_type": "recipe",
  "definition": {
    "recipeType": "Crafting",
    "recipeRetstackSize": 1,
    "group": "",
    "cookingBookCategory": "MISC",
    "xpReward": 0.0,
    "cookingTime": 200,
    "craftingBookCategory": "MISC",
    "recipeShapeless": true,
    "recipeSlots": [
      {
        "value": "CUSTOM:Mechanism"
      },
      {
        "value": "Items.GUNPOWDER"
      },
      {
        "value": "Items.REDSTONE"
      },
      {
        "value": "Items.GUNPOWDER"
      },
      {
        "value": "Items.GUNPOWDER"
      },
      {
        "value": "Items.GUNPOWDER"
      },
      {
        "value": "CUSTOM:BronzeIngot"
      },
      {
        "value": "Items.GUNPOWDER"
      },
      {
        "value": "CUSTOM:Mechanism"
      }
    ],
    "recipeReturnStack": {
      "value": "CUSTOM:TimeBomb"
    },
    "name": "rbomb",
    "namespace": "mod"
  }
}