{
  "_fv": 73,
  "_type": "projectile",
  "definition": {
    "projectileItem": {
      "value": "CUSTOM:SchockwaveBomb"
    },
    "showParticles": true,
    "actionSound": {
      "value": "entity.arrow.shoot"
    },
    "igniteFire": false,
    "power": 1.0,
    "damage": 5.0,
    "knockback": 5,
    "entityModel": "Default",
    "customModelTexture": "",
    "modelWidth": 0.30000000000000004,
    "modelHeight": 0.30000000000000004,
    "onHitsBlock": {
      "name": "ShockBombProjectileProjectileHitsBlock"
    },
    "onHitsEntity": {
      "name": "ShockBombProjectileProjectileHitsBlock"
    }
  }
}