{
  "_fv": 73,
  "_type": "item",
  "definition": {
    "renderType": 0,
    "texture": "spinachh",
    "customModelName": "Normal",
    "customProperties": {},
    "states": [],
    "name": "Spinach",
    "rarity": "COMMON",
    "creativeTabs": [
      {
        "value": "CUSTOM:Paradox"
      }
    ],
    "stackSize": 16,
    "enchantability": 0,
    "useDuration": 32,
    "toolType": 1.0,
    "damageCount": 0,
    "recipeRemainder": {
      "value": ""
    },
    "destroyAnyBlock": false,
    "immuneToFire": false,
    "stayInGridWhenCrafting": false,
    "damageOnCrafting": false,
    "enableMeleeDamage": false,
    "damageVsEntity": 0.0,
    "specialInformation": {
      "fixedValue": [
        "Grants:",
        "§1Strength §12 (40s)",
        "§1Resistance §11 (60s)"
      ]
    },
    "glowCondition": {
      "fixedValue": false
    },
    "inventorySize": 9,
    "inventoryStackSize": 64,
    "onFinishUsingItem": {
      "name": "SpinachPlayerFinishesUsingItem"
    },
    "enableRanged": false,
    "shootConstantly": false,
    "rangedItemChargesPower": false,
    "projectile": {
      "value": "Arrow"
    },
    "projectileDisableAmmoCheck": false,
    "isFood": true,
    "nutritionalValue": 6,
    "saturation": 0.4,
    "eatResultItem": {
      "value": ""
    },
    "isMeat": false,
    "isAlwaysEdible": true,
    "animation": "eat",
    "isMusicDisc": false,
    "musicDiscMusic": {
      "value": ""
    },
    "musicDiscDescription": "",
    "musicDiscLengthInTicks": 100,
    "musicDiscAnalogOutput": 0
  }
}