{
  "_fv": 73,
  "_type": "dimension",
  "definition": {
    "biomesInDimension": [
      {
        "value": "CUSTOM:Ocean"
      }
    ],
    "worldGenType": "Normal world gen",
    "mainFillerBlock": {
      "value": "Blocks.STONE#0"
    },
    "fluidBlock": {
      "value": "CUSTOM:ContaminatedWater"
    },
    "seaLevel": 120,
    "generateOreVeins": false,
    "generateAquifers": true,
    "horizontalNoiseSize": 1,
    "verticalNoiseSize": 2,
    "defaultEffects": "overworld",
    "useCustomEffects": true,
    "hasClouds": true,
    "cloudHeight": 192.0,
    "skyType": "NONE",
    "airColor": {
      "value": -16764109,
      "falpha": 0.0
    },
    "sunHeightAffectsFog": false,
    "canRespawnHere": false,
    "hasFog": true,
    "ambientLight": 0.05,
    "doesWaterVaporize": false,
    "hasFixedTime": false,
    "fixedTimeValue": 0,
    "coordinateScale": 1.0,
    "infiniburnTag": "minecraft:infiniburn_overworld",
    "bedWorks": true,
    "hasSkyLight": true,
    "imitateOverworldBehaviour": true,
    "piglinSafe": false,
    "hasRaids": false,
    "minMonsterSpawnLightLimit": 0,
    "maxMonsterSpawnLightLimit": 7,
    "monsterSpawnBlockLightLimit": 0,
    "onPlayerEntersDimension": {
      "name": "SubmergedFuturePlayerEntersDimension"
    },
    "portalFrame": {
      "value": "Blocks.OBSIDIAN"
    },
    "portalParticles": {
      "value": "LAND_LAVA"
    },
    "portalLuminance": 0,
    "portalSound": {
      "value": "block.portal.ambient"
    },
    "enableIgniter": false,
    "igniterName": "Submerged Future Portal Igniter",
    "igniterRarity": "COMMON",
    "specialInformation": {
      "fixedValue": []
    },
    "creativeTabs": [
      {
        "value": "TOOLS"
      }
    ],
    "texture": "minecraft:apple",
    "portalTexture": "minecraft:acacia_planks",
    "enablePortal": true
  }
}