{"format_version":"1.21.6","credit":"Made with Blockbench","textures":{"0":"paradox:block/caldero","1":"paradox:block/tubpppp","2":"paradox:block/plaquita","particle":"paradox:block/caldero"},"elements":[{"from":[1,2,1],"to":[15,16,15],"rotation":{"angle":0,"axis":"y","origin":[1,2,1]},"faces":{"north":{"uv":[1,0,15,14],"texture":"#0"},"east":{"uv":[1,1,15,15],"texture":"#1"},"south":{"uv":[1,1,15,15],"texture":"#1"},"west":{"uv":[1,1,15,15],"texture":"#1"},"up":{"uv":[1,1,15,15],"texture":"#1"},"down":{"uv":[1,1,15,15],"texture":"#1"}}},{"from":[0,0,0],"to":[16,2,16],"faces":{"north":{"uv":[0,0,16,2],"texture":"#2"},"east":{"uv":[0,0,16,2],"texture":"#2"},"south":{"uv":[0,0,16,2],"texture":"#2"},"west":{"uv":[0,0,16,2],"texture":"#2"},"up":{"uv":[0,0,16,16],"texture":"#2"},"down":{"uv":[0,0,16,16],"texture":"#1"}}}],"display":{"thirdperson_righthand":{"rotation":[75,45,0],"translation":[0,2.5,0],"scale":[0.375,0.375,0.375]},"thirdperson_lefthand":{"rotation":[75,45,0],"translation":[0,2.5,0],"scale":[0.375,0.375,0.375]},"firstperson_righthand":{"rotation":[0,45,0],"scale":[0.4,0.4,0.4]},"firstperson_lefthand":{"rotation":[0,-135,0],"scale":[0.4,0.4,0.4]},"ground":{"translation":[0,3,0],"scale":[0.25,0.25,0.25]},"gui":{"rotation":[30,-135,0],"scale":[0.625,0.625,0.625]},"fixed":{"scale":[0.5,0.5,0.5]}}}