{"format_version":"1.21.6","credit":"Made with Blockbench","textures":{"0":"paradox:block/side","1":"paradox:block/topetubo","2":"paradox:block/sideeee","particle":"paradox:block/side"},"elements":[{"from":[14,1,1],"to":[16,15,15],"rotation":{"angle":0,"axis":"z","origin":[8,8,8]},"faces":{"north":{"uv":[1,14,15,16],"rotation":90,"texture":"#1"},"east":{"uv":[1,0,15,14],"rotation":270,"texture":"#1"},"south":{"uv":[1,14,15,16],"rotation":270,"texture":"#1"},"west":{"uv":[1,0,15,14],"rotation":270,"texture":"#1"},"up":{"uv":[1,14,15,16],"rotation":270,"texture":"#1"},"down":{"uv":[1,14,15,16],"rotation":270,"texture":"#1"}}},{"from":[1.99,1.99,1.99],"to":[14.01,14.01,14.01],"rotation":{"angle":0,"axis":"z","origin":[8,8,8]},"faces":{"north":{"uv":[14,2,2,14],"rotation":180,"texture":"#2"},"east":{"uv":[2,2,14,14],"texture":"#0"},"south":{"uv":[14,2,2,14],"texture":"#0"},"west":{"uv":[14,2,2,14],"texture":"#2"},"up":{"uv":[2,2,14,14],"texture":"#0"},"down":{"uv":[2,14,14,2],"texture":"#0"}}},{"from":[0.99,0.99,13.99],"to":[15.01,15.01,16.01],"rotation":{"angle":0,"axis":"z","origin":[8,8,8]},"faces":{"north":{"uv":[1,0,15,14],"rotation":270,"texture":"#1"},"east":{"uv":[1,14,15,16],"rotation":90,"texture":"#1"},"south":{"uv":[1,0,15,14],"rotation":270,"texture":"#1"},"west":{"uv":[1,14,15,16],"rotation":270,"texture":"#1"},"up":{"uv":[1,14,15,16],"texture":"#1"},"down":{"uv":[1,14,15,16],"rotation":180,"texture":"#1"}}}],"display":{"thirdperson_righthand":{"rotation":[75,45,0],"translation":[0,2.5,0],"scale":[0.375,0.375,0.375]},"thirdperson_lefthand":{"rotation":[75,45,0],"translation":[0,2.5,0],"scale":[0.375,0.375,0.375]},"firstperson_righthand":{"rotation":[0,45,0],"scale":[0.4,0.4,0.4]},"firstperson_lefthand":{"rotation":[0,-135,0],"scale":[0.4,0.4,0.4]},"ground":{"translation":[0,3,0],"scale":[0.25,0.25,0.25]},"gui":{"rotation":[30,-135,0],"scale":[0.625,0.625,0.625]},"fixed":{"scale":[0.5,0.5,0.5]}},"groups":[{"name":"group","origin":[8,8,8],"color":0,"children":[0,1,2]}]}