{"format_version":"1.21.6","credit":"Made with Blockbench","textures":{"0":"paradox:block/side","1":"paradox:block/topetubo","2":"paradox:block/sideeee","particle":"paradox:block/side"},"elements":[{"from":[1,0,1],"to":[15,2,15],"rotation":{"angle":0,"axis":"y","origin":[1,0,1]},"faces":{"north":{"uv":[1,14,15,16],"texture":"#1"},"east":{"uv":[1,14,15,16],"texture":"#1"},"south":{"uv":[1,14,15,16],"texture":"#1"},"west":{"uv":[1,14,15,16],"texture":"#1"},"up":{"uv":[1,0,15,14],"texture":"#1"},"down":{"uv":[1,0,15,14],"texture":"#1"}}},{"from":[0.99,0.99,13.99],"to":[15.01,15.01,16.01],"rotation":{"angle":0,"axis":"x","origin":[1,1,16]},"faces":{"north":{"uv":[1,0,15,14],"rotation":180,"texture":"#1"},"east":{"uv":[1,14,15,16],"rotation":90,"texture":"#1"},"south":{"uv":[1,0,15,14],"texture":"#1"},"west":{"uv":[1,14,15,16],"rotation":270,"texture":"#1"},"up":{"uv":[1,14,15,16],"texture":"#1"},"down":{"uv":[1,14,15,16],"rotation":180,"texture":"#1"}}},{"from":[1.99,1.99,1.99],"to":[14.01,14.01,14.01],"rotation":{"angle":0,"axis":"x","origin":[1,1,16]},"faces":{"north":{"uv":[14,2,2,14],"rotation":90,"texture":"#2"},"east":{"uv":[2,2,14,14],"rotation":90,"texture":"#0"},"south":{"uv":[14,2,2,14],"rotation":90,"texture":"#0"},"west":{"uv":[2,14,14,2],"rotation":90,"texture":"#0"},"up":{"uv":[14,2,2,14],"rotation":90,"texture":"#2"},"down":{"uv":[2,2,14,14],"rotation":90,"texture":"#0"}}}]}