{"format_version":"1.9.0","credit":"Made with Blockbench","textures":{"0":"paradox:block/puertaproo","particle":"paradox:block/puertaproo"},"elements":[{"from":[3.9,3.9,10.9],"to":[12.1,12.1,11.1],"rotation":{"angle":0,"axis":"y","origin":[4,4,11]},"faces":{"north":{"uv":[11,11,15,15],"texture":"#0"},"east":{"uv":[0,0,0,8],"texture":"#0"},"south":{"uv":[11,11,15,15],"texture":"#0"},"west":{"uv":[0,0,0,8],"texture":"#0"},"up":{"uv":[0,0,8,0],"texture":"#0"},"down":{"uv":[0,0,8,0],"texture":"#0"}}},{"from":[3,3,10.5],"to":[13,13,11.5],"rotation":{"angle":0,"axis":"y","origin":[4,4,11]},"faces":{"north":{"uv":[5.5,10.5,10.5,15.5],"texture":"#0"},"east":{"uv":[5.5,10.5,6,15.5],"texture":"#0"},"south":{"uv":[5.5,10.5,10.5,15.5],"texture":"#0"},"west":{"uv":[5.5,10.5,6,15.5],"texture":"#0"},"up":{"uv":[5.5,10.5,10.5,11],"texture":"#0"},"down":{"uv":[0,0,8,0],"texture":"#0"}}},{"from":[-2,-2,12],"to":[18,18,16],"rotation":{"angle":0,"axis":"y","origin":[-2,-2,12]},"faces":{"north":{"uv":[0,0,10,10],"texture":"#0"},"east":{"uv":[0,0,2,10],"texture":"#0"},"south":{"uv":[0,0,10,10],"texture":"#0"},"west":{"uv":[2,0,0,10],"texture":"#0"},"up":{"uv":[0,2,10,0],"texture":"#0"},"down":{"uv":[0,8,10,10],"texture":"#0"}}},{"from":[6.6,4.6,15.6],"to":[10.4,10.4,20.4],"rotation":{"angle":0,"axis":"y","origin":[7,5,16]},"faces":{"north":{"uv":[5,4,7,6.5],"texture":"#0"},"east":{"uv":[11.5,0.5,13.5,10.5],"texture":"#0"},"south":{"uv":[5,4,6.5,6.5],"texture":"#0"},"west":{"uv":[11.5,0.5,13.5,10.5],"texture":"#0"},"up":{"uv":[5,4.5,6.5,6.5],"texture":"#0"},"down":{"uv":[5,4.5,6.5,6.5],"texture":"#0"}}}],"display":{"thirdperson_righthand":{"rotation":[0,-83,-1],"translation":[7.5,-1.5,1],"scale":[0.8,0.81,0.79]},"thirdperson_lefthand":{"rotation":[0,-83,-1],"translation":[7.5,-1.5,2],"scale":[0.8,0.81,0.79]},"firstperson_righthand":{"rotation":[-7,-44,26],"translation":[7.75,-2.75,-7],"scale":[0.73,0.75,0.78]},"firstperson_lefthand":{"rotation":[-7,-44,26],"translation":[7.75,-2.75,-7],"scale":[0.73,0.75,0.78]},"ground":{"translation":[0,5.5,-3.5],"scale":[0.57,0.55,0.63]},"gui":{"rotation":[13,-140,1],"translation":[3,-0.75,-4.75],"scale":[0.61,0.61,0.68]},"fixed":{"rotation":[0,1,0],"translation":[-0.5,0,-4.75],"scale":[0.61,0.61,0.68]}},"groups":[{"name":"bone","origin":[8,8,13],"color":0,"children":[0,1]},2,3]}