{"format_version":"1.21.6","credit":"Made with Blockbench","textures":{"0":"paradox:block/lampara1","1":"paradox:block/tubpppp","2":"paradox:block/bajo","3":"paradox:block/topetubo","particle":"paradox:block/lampara1"},"elements":[{"from":[6,1,6],"to":[10,5,10],"rotation":{"angle":0,"axis":"y","origin":[6,1,6]},"faces":{"north":{"uv":[0,12,4,16],"texture":"#0"},"east":{"uv":[0,12,4,16],"texture":"#0"},"south":{"uv":[0,12,4,16],"texture":"#0"},"west":{"uv":[0,12,4,16],"texture":"#0"},"up":{"uv":[0,0,4,4],"texture":"#missing"},"down":{"uv":[5,12,9,16],"texture":"#0"}}},{"from":[7,5,7],"to":[9,8,9],"rotation":{"angle":0,"axis":"y","origin":[7,5,7]},"faces":{"north":{"uv":[1,8,3,11],"texture":"#0"},"east":{"uv":[1,8,3,11],"texture":"#0"},"south":{"uv":[1,8,3,11],"texture":"#0"},"west":{"uv":[1,8,3,11],"texture":"#0"},"up":{"uv":[0,0,2,2],"texture":"#missing"},"down":{"uv":[0,0,2,2],"texture":"#missing"}}},{"from":[1,4,1],"to":[15,7,15],"rotation":{"angle":0,"axis":"y","origin":[5,4,1]},"faces":{"north":{"uv":[1,5,15,8],"texture":"#0"},"east":{"uv":[1,5,15,8],"texture":"#0"},"south":{"uv":[1,5,15,8],"texture":"#0"},"west":{"uv":[1,5,15,8],"texture":"#0"},"up":{"uv":[1,1,15,15],"texture":"#1"},"down":{"uv":[1,1,15,15],"texture":"#2"}}},{"from":[2.99,6.99,2.99],"to":[13.01,9.01,13.01],"rotation":{"angle":0,"axis":"y","origin":[7,6,3]},"faces":{"north":{"uv":[3,2,13,4],"texture":"#0"},"east":{"uv":[3,2,13,4],"texture":"#0"},"south":{"uv":[3,2,13,4],"texture":"#0"},"west":{"uv":[3,2,13,4],"texture":"#0"},"up":{"uv":[3,3,13,13],"texture":"#1"},"down":{"uv":[3,2,13,12],"texture":"#3"}}},{"from":[6.99,8.99,7.99],"to":[9.01,16.01,8.01],"rotation":{"angle":45,"axis":"y","origin":[8,10,8]},"faces":{"north":{"uv":[12,9,14,16],"texture":"#0"},"east":{"uv":[12,9,14,16],"texture":"#0"},"south":{"uv":[12,9,14,16],"texture":"#0"},"west":{"uv":[12,9,14,16],"texture":"#0"},"up":{"uv":[3,3,13,13],"texture":"#1"},"down":{"uv":[0,0,2,2],"texture":"#missing"}}},{"from":[7.99,8.99,6.99],"to":[8.01,16.01,9.01],"rotation":{"angle":37.5,"axis":"y","origin":[8,10,8]},"faces":{"north":{"uv":[12,9,14,16],"texture":"#0"},"east":{"uv":[12,9,14,16],"texture":"#0"},"south":{"uv":[12,9,14,16],"texture":"#0"},"west":{"uv":[12,9,14,16],"texture":"#0"},"up":{"uv":[3,3,13,13],"rotation":90,"texture":"#1"},"down":{"uv":[0,0,2,2],"rotation":270,"texture":"#missing"}}}],"display":{"thirdperson_righthand":{"rotation":[75,45,0],"translation":[0,2.5,0],"scale":[0.375,0.375,0.375]},"thirdperson_lefthand":{"rotation":[75,45,0],"translation":[0,2.5,0],"scale":[0.375,0.375,0.375]},"firstperson_righthand":{"rotation":[0,45,0],"scale":[0.4,0.4,0.4]},"firstperson_lefthand":{"rotation":[0,-135,0],"scale":[0.4,0.4,0.4]},"ground":{"translation":[0,3,0],"scale":[0.25,0.25,0.25]},"gui":{"rotation":[5,-135,0],"scale":[0.625,0.625,0.625]},"fixed":{"scale":[0.5,0.5,0.5]}}}