{"format_version":"1.9.0","credit":"Made with Blockbench","textures":{"0":"paradox:block/ralis","1":"paradox:block/tubpppp","2":"paradox:block/lampara1","particle":"paradox:block/ralis"},"elements":[{"from":[3,3,14],"to":[13,13,16],"rotation":{"angle":0,"axis":"y","origin":[7,4,14]},"faces":{"north":{"uv":[3,3,13,13],"texture":"#1"},"east":{"uv":[16,6,14,16],"texture":"#1"},"south":{"uv":[3,3,13,13],"texture":"#1"},"west":{"uv":[14,6,16,16],"texture":"#1"},"up":{"uv":[3,13,13,15],"texture":"#1"},"down":{"uv":[2,16,12,14],"texture":"#1"}}},{"from":[6,6,12],"to":[10,10,14],"rotation":{"angle":0,"axis":"y","origin":[8,5,12]},"faces":{"north":{"uv":[0,12,4,16],"texture":"#2"},"east":{"uv":[0,12,2,16],"texture":"#2"},"south":{"uv":[0,12,4,14],"texture":"#2"},"west":{"uv":[2,12,0,16],"texture":"#2"},"up":{"uv":[0,12,4,14],"texture":"#2"},"down":{"uv":[0,12,4,14],"texture":"#2"}}},{"from":[5,5,11],"to":[11,11,14],"rotation":{"angle":0,"axis":"y","origin":[7,4,12]},"faces":{"north":{"uv":[5,2,11,8],"texture":"#0"},"east":{"uv":[0,5,3,11],"texture":"#0"},"south":{"uv":[0,0,8,8],"texture":"#missing"},"west":{"uv":[3,5,0,11],"texture":"#0"},"up":{"uv":[5,3,11,0],"texture":"#0"},"down":{"uv":[5,0,11,3],"texture":"#0"}}},{"from":[5.1,5,11],"to":[5.1,11,14],"rotation":{"angle":0,"axis":"y","origin":[6,4,12]},"faces":{"north":{"uv":[5,2,11,8],"texture":"#0"},"east":{"uv":[0,5,3,11],"texture":"#0"},"south":{"uv":[0,0,8,8],"texture":"#missing"},"west":{"uv":[3,5,0,11],"texture":"#0"},"up":{"uv":[5,3,11,0],"texture":"#0"},"down":{"uv":[5,0,11,3],"texture":"#0"}}},{"from":[10.99,5,11],"to":[10.99,11,14],"rotation":{"angle":0,"axis":"y","origin":[12,4,12]},"faces":{"north":{"uv":[5,2,11,8],"texture":"#0"},"east":{"uv":[0,5,3,11],"texture":"#0"},"south":{"uv":[0,0,8,8],"texture":"#missing"},"west":{"uv":[3,5,0,11],"texture":"#0"},"up":{"uv":[5,3,11,0],"texture":"#0"},"down":{"uv":[5,0,11,3],"texture":"#0"}}},{"from":[5,5.01,11],"to":[11,5.01,14],"rotation":{"angle":0,"axis":"y","origin":[7,4,12]},"faces":{"north":{"uv":[5,2,11,8],"texture":"#0"},"east":{"uv":[0,5,3,11],"texture":"#0"},"south":{"uv":[0,0,8,8],"texture":"#missing"},"west":{"uv":[3,5,0,11],"texture":"#0"},"up":{"uv":[5,3,11,0],"texture":"#0"},"down":{"uv":[5,0,11,3],"texture":"#0"}}},{"from":[5,10.99,11],"to":[11,10.99,14],"rotation":{"angle":0,"axis":"y","origin":[7,10,12]},"faces":{"north":{"uv":[5,2,11,8],"texture":"#0"},"east":{"uv":[0,5,3,11],"texture":"#0"},"south":{"uv":[0,0,8,8],"texture":"#missing"},"west":{"uv":[3,5,0,11],"texture":"#0"},"up":{"uv":[5,3,11,0],"texture":"#0"},"down":{"uv":[5,0,11,3],"texture":"#0"}}}],"display":{"thirdperson_righthand":{"rotation":[75,45,0],"translation":[0,2.5,0],"scale":[0.375,0.375,0.375]},"thirdperson_lefthand":{"rotation":[75,45,0],"translation":[0,2.5,0],"scale":[0.375,0.375,0.375]},"firstperson_righthand":{"rotation":[0,45,0],"translation":[0,3.75,0],"scale":[0.4,0.4,0.4]},"firstperson_lefthand":{"rotation":[0,99,0],"translation":[0,2,0],"scale":[0.4,0.4,0.4]},"ground":{"translation":[0,3,0],"scale":[0.25,0.25,0.25]},"gui":{"rotation":[30,-135,0],"translation":[2.75,-2,0],"scale":[0.625,0.625,0.625]},"fixed":{"translation":[0,0,-5.5],"scale":[0.79,0.77,0.8]}}}