{"format_version":"1.9.0","credit":"Made with Blockbench","parent":"nigul","textures":{"0":"paradox:block/grapadora","particle":"paradox:block/grapadora"},"elements":[{"from":[1,0,9],"to":[16,4,12],"rotation":{"angle":0,"axis":"y","origin":[2,0,9]},"faces":{"north":{"uv":[11.5,10.5,4,12.5],"texture":"#0"},"east":{"uv":[1,13,2.5,15],"texture":"#0"},"south":{"uv":[4,10.5,11.5,12.5],"texture":"#0"},"west":{"uv":[1,10.5,2.5,12.5],"texture":"#0"},"up":{"uv":[4,9,11.5,10.5],"texture":"#0"},"down":{"uv":[4,9,11.5,10.5],"texture":"#0"}}},{"from":[16,1.5,9.5],"to":[18,3.5,11.5],"rotation":{"angle":0,"axis":"y","origin":[17,1,9]},"faces":{"north":{"uv":[13,11,12,12],"texture":"#0"},"east":{"uv":[4.5,6,3.5,7],"texture":"#0"},"south":{"uv":[12,11,13,12],"texture":"#0"},"west":{"uv":[13,11,12,12],"texture":"#0"},"up":{"uv":[12,11,13,12],"texture":"#0"},"down":{"uv":[12,11,13,12],"texture":"#0"}}},{"from":[18,2,10],"to":[18,3,11],"rotation":{"angle":0,"axis":"y","origin":[19,1,10]},"faces":{"north":{"uv":[13,11,12,12],"texture":"#0"},"east":{"uv":[9.5,15,9,15.5],"texture":"#0"},"south":{"uv":[12,11,13,12],"texture":"#0"},"west":{"uv":[13,11,12,12],"texture":"#0"},"up":{"uv":[12,11,13,12],"texture":"#0"},"down":{"uv":[12,11,13,12],"texture":"#0"}}},{"from":[2,-3,9.5],"to":[5,2,11.5],"rotation":{"angle":-22.5,"axis":"z","origin":[2,0,10]},"faces":{"north":{"uv":[5.5,13,4,15.5],"texture":"#0"},"east":{"uv":[11,13.5,12,16],"texture":"#0"},"south":{"uv":[4,13,5.5,15.5],"texture":"#0"},"west":{"uv":[4,13,5,15.5],"texture":"#0"},"up":{"uv":[0,0,4,2],"texture":"#missing"},"down":{"uv":[10,11.5,11.5,12],"texture":"#0"}}},{"from":[9,-5,9.5],"to":[13,0,11.5],"rotation":{"angle":0,"axis":"y","origin":[9,-2,10]},"faces":{"north":{"uv":[8.5,13.5,10.5,16],"texture":"#0"},"east":{"uv":[11,13.5,12,16],"texture":"#0"},"south":{"uv":[8.5,13.5,10.5,16],"texture":"#0"},"west":{"uv":[4,13,5,15.5],"texture":"#0"},"up":{"uv":[0,0,4,2],"texture":"#missing"},"down":{"uv":[10,11.5,11.5,12],"texture":"#0"}}},{"from":[5,-2,10.5],"to":[8,0,10.5],"rotation":{"angle":0,"axis":"y","origin":[5,-2,10]},"faces":{"north":{"uv":[7.5,13.5,6,14.5],"texture":"#0"},"east":{"uv":[11,13.5,12,16],"texture":"#0"},"south":{"uv":[6,13.5,7.5,14.5],"texture":"#0"},"west":{"uv":[7.5,13.5,6,14.5],"texture":"#0"},"up":{"uv":[0,0,4,2],"texture":"#missing"},"down":{"uv":[10,11.5,11.5,12],"texture":"#0"}}}],"display":{"thirdperson_righthand":{"rotation":[0,103,30],"translation":[-2.75,8.75,1.75],"scale":[0.85,0.85,0.85]},"thirdperson_lefthand":{"rotation":[0,-83,0],"translation":[1.75,7.25,-2.75],"scale":[0.85,0.85,0.85]},"firstperson_righthand":{"rotation":[-13,124,28],"translation":[2.13,7.7,0.38],"scale":[0.68,0.68,0.68]},"firstperson_lefthand":{"rotation":[46,-86,25],"translation":[2.63,7.7,1.88],"scale":[0.68,0.68,0.68]},"ground":{"translation":[0,10.5,-2]},"gui":{"rotation":[0,0,40],"translation":[-5.25,5,-2.25]},"fixed":{"rotation":[0,0,40],"translation":[-5.25,5.5,-2.25]}},"groups":[{"name":"group","origin":[2,0,9],"color":0,"children":[0,1,2,3,4,5]}]}