{"format_version":"1.21.6","credit":"Made with Blockbench","textures":{"0":"paradox:block/tubo","1":"paradox:block/topetubo","particle":"paradox:block/tubo"},"elements":[{"from":[2,2,2],"to":[14,14,14],"rotation":{"angle":0,"axis":"y","origin":[2,2,2]},"faces":{"north":{"uv":[14,2,2,14],"texture":"#0"},"east":{"uv":[2,2,14,14],"texture":"#0"},"south":{"uv":[14,2,2,14],"texture":"#0"},"west":{"uv":[2,2,14,14],"texture":"#0"},"up":{"uv":[0,0,12,12],"texture":"#missing"},"down":{"uv":[0,0,12,12],"texture":"#missing"}}},{"from":[1,0,1],"to":[15,2,15],"rotation":{"angle":0,"axis":"y","origin":[1,0,1]},"faces":{"north":{"uv":[1,14,15,16],"texture":"#1"},"east":{"uv":[1,14,15,16],"texture":"#1"},"south":{"uv":[1,14,15,16],"texture":"#1"},"west":{"uv":[1,14,15,16],"texture":"#1"},"up":{"uv":[1,0,15,14],"texture":"#1"},"down":{"uv":[1,0,15,14],"texture":"#1"}}},{"from":[1,14,1],"to":[15,16,15],"rotation":{"angle":0,"axis":"y","origin":[1,14,1]},"faces":{"north":{"uv":[1,14,15,16],"texture":"#1"},"east":{"uv":[1,14,15,16],"texture":"#1"},"south":{"uv":[1,14,15,16],"texture":"#1"},"west":{"uv":[1,14,15,16],"texture":"#1"},"up":{"uv":[1,0,15,14],"texture":"#1"},"down":{"uv":[1,0,15,14],"texture":"#1"}}}],"display":{"thirdperson_righthand":{"rotation":[75,45,0],"translation":[0,2.5,0],"scale":[0.375,0.375,0.375]},"thirdperson_lefthand":{"rotation":[75,45,0],"translation":[0,2.5,0],"scale":[0.375,0.375,0.375]},"firstperson_righthand":{"rotation":[0,45,0],"scale":[0.4,0.4,0.4]},"firstperson_lefthand":{"rotation":[0,-135,0],"scale":[0.4,0.4,0.4]},"ground":{"translation":[0,3,0],"scale":[0.25,0.25,0.25]},"gui":{"rotation":[30,-135,0],"scale":[0.625,0.625,0.625]},"fixed":{"scale":[0.5,0.5,0.5]}}}