{"format_version":"1.21.6","credit":"Made with Blockbench","textures":{"0":"paradox:block/ventana","particle":"paradox:block/ventana"},"elements":[{"from":[-1,-1,14],"to":[17,17,16],"rotation":{"angle":0,"axis":"y","origin":[0,0,14]},"faces":{"north":{"uv":[0,0,9,9],"texture":"#0"},"east":{"uv":[15,0,16,9],"texture":"#0"},"south":{"uv":[0,0,9,9],"texture":"#0"},"west":{"uv":[15,0,16,9],"texture":"#0"},"up":{"uv":[0,14.5,9,15.5],"texture":"#0"},"down":{"uv":[0,14.5,9,15.5],"texture":"#0"}}},{"from":[2,2,13],"to":[14,14,15],"rotation":{"angle":0,"axis":"y","origin":[0,0,13]},"faces":{"north":{"uv":[1.5,1.5,7.5,7.5],"texture":"#0"},"east":{"uv":[15,0,16,9],"texture":"#0"},"south":{"uv":[1.5,1.5,7.5,7.5],"texture":"#0"},"west":{"uv":[15,0,16,9],"texture":"#0"},"up":{"uv":[0,14.5,9,15.5],"texture":"#0"},"down":{"uv":[0,14.5,9,15.5],"texture":"#0"}}},{"from":[2.5,2.5,12],"to":[13.5,13.5,14],"rotation":{"angle":0,"axis":"y","origin":[-1,-1,12]},"faces":{"north":{"uv":[3,9,8.5,14.5],"texture":"#0"},"east":{"uv":[10.5,10,11,15.5],"texture":"#0"},"south":{"uv":[2.5,2.5,6.5,6.5],"texture":"#0"},"west":{"uv":[10.5,10,11,15.5],"texture":"#0"},"up":{"uv":[10.5,9.25,16,9.75],"texture":"#0"},"down":{"uv":[10.5,9.25,16,9.75],"texture":"#0"}}},{"from":[3,3,14],"to":[13,3,16],"rotation":{"angle":0,"axis":"y","origin":[0,-10,14]},"faces":{"north":{"uv":[0,0,9,9],"texture":"#0"},"east":{"uv":[15,0,16,9],"texture":"#0"},"south":{"uv":[0,0,9,9],"texture":"#0"},"west":{"uv":[15,0,16,9],"texture":"#0"},"up":{"uv":[0,14.5,5,15.5],"texture":"#0"},"down":{"uv":[0,14.5,5,15.5],"texture":"#0"}}},{"from":[3,13,14],"to":[13,13,16],"rotation":{"angle":0,"axis":"y","origin":[0,0,14]},"faces":{"north":{"uv":[0,0,9,9],"texture":"#0"},"east":{"uv":[15,0,16,9],"texture":"#0"},"south":{"uv":[0,0,9,9],"texture":"#0"},"west":{"uv":[15,0,16,9],"texture":"#0"},"up":{"uv":[0,14.5,5,15.5],"texture":"#0"},"down":{"uv":[0,14.5,5,15.5],"texture":"#0"}}},{"from":[13,3,14],"to":[13,13,16],"rotation":{"angle":0,"axis":"y","origin":[0,-10,14]},"faces":{"north":{"uv":[0,0,9,9],"texture":"#0"},"east":{"uv":[15,0,16,5],"texture":"#0"},"south":{"uv":[0,0,9,9],"texture":"#0"},"west":{"uv":[15,0,16,5],"texture":"#0"},"up":{"uv":[0,14.5,5,15.5],"texture":"#0"},"down":{"uv":[0,14.5,5,15.5],"texture":"#0"}}},{"from":[3,3,14],"to":[3,13,16],"rotation":{"angle":0,"axis":"y","origin":[-10,-10,14]},"faces":{"north":{"uv":[0,0,9,9],"texture":"#0"},"east":{"uv":[15,0,16,5],"texture":"#0"},"south":{"uv":[0,0,9,9],"texture":"#0"},"west":{"uv":[15,0,16,5],"texture":"#0"},"up":{"uv":[0,14.5,5,15.5],"texture":"#0"},"down":{"uv":[0,14.5,5,15.5],"texture":"#0"}}},{"from":[3,3,14.5],"to":[13,13,14.5],"rotation":{"angle":0,"axis":"y","origin":[4,4,13]},"faces":{"north":{"uv":[9.5,2,14.5,7],"texture":"#0"},"east":{"uv":[15,0,16,9],"texture":"#0"},"south":{"uv":[9.5,2,14.5,7],"texture":"#0"},"west":{"uv":[15,0,16,9],"texture":"#0"},"up":{"uv":[0,14.5,9,15.5],"texture":"#0"},"down":{"uv":[0,14.5,9,15.5],"texture":"#0"}}}],"display":{"thirdperson_righthand":{"rotation":[75,45,0],"translation":[0,2.5,0],"scale":[0.375,0.375,0.375]},"thirdperson_lefthand":{"rotation":[75,45,0],"translation":[0,2.5,0],"scale":[0.375,0.375,0.375]},"firstperson_righthand":{"rotation":[0,45,0],"scale":[0.4,0.4,0.4]},"firstperson_lefthand":{"rotation":[0,-135,0],"scale":[0.4,0.4,0.4]},"ground":{"translation":[0,3,0],"scale":[0.25,0.25,0.25]},"gui":{"rotation":[3,180,0],"translation":[0,-0.25,0],"scale":[0.88,0.89,0.89]},"fixed":{"translation":[0,-0.25,-5.75],"scale":[0.88,0.89,0.89]}}}