{"format_version":"1.21.6","credit":"Made with Blockbench","textures":{"0":"paradox:block/bigainterior2","1":"paradox:block/bigainterior","2":"paradox:block/viga","particle":"paradox:block/bigainterior2"},"elements":[{"from":[1,0,2],"to":[3,16,14],"rotation":{"angle":0,"axis":"y","origin":[1,0,1]},"faces":{"north":{"uv":[4,0,2,16],"texture":"#0"},"east":{"uv":[2,0,14,16],"texture":"#1"},"south":{"uv":[2,0,4,16],"texture":"#0"},"west":{"uv":[2,0,14,16],"texture":"#1"},"up":{"uv":[13,1,15,15],"texture":"#2"},"down":{"uv":[13,1,15,15],"texture":"#2"}}},{"from":[3,0,7],"to":[13,16,9],"rotation":{"angle":0,"axis":"y","origin":[13,0,2]},"faces":{"north":{"uv":[3,0,13,16],"texture":"#0"},"east":{"uv":[2,0,4,16],"texture":"#0"},"south":{"uv":[3,0,13,16],"texture":"#0"},"west":{"uv":[2,0,4,16],"texture":"#0"},"up":{"uv":[2,7,14,9],"texture":"#0"},"down":{"uv":[2,7,14,9],"texture":"#0"}}},{"from":[13,0,2],"to":[15,16,14],"rotation":{"angle":0,"axis":"y","origin":[13,0,1]},"faces":{"north":{"uv":[2,0,4,16],"texture":"#0"},"east":{"uv":[2,0,14,16],"texture":"#1"},"south":{"uv":[4,0,2,16],"texture":"#0"},"west":{"uv":[2,0,14,16],"texture":"#1"},"up":{"uv":[13,1,15,15],"texture":"#2"},"down":{"uv":[13,1,15,15],"texture":"#2"}}}],"display":{"thirdperson_righthand":{"rotation":[75,45,0],"translation":[0,2.5,0],"scale":[0.375,0.375,0.375]},"thirdperson_lefthand":{"rotation":[75,45,0],"translation":[0,2.5,0],"scale":[0.375,0.375,0.375]},"firstperson_righthand":{"rotation":[0,45,0],"scale":[0.4,0.4,0.4]},"firstperson_lefthand":{"rotation":[0,-135,0],"scale":[0.4,0.4,0.4]},"ground":{"translation":[0,3,0],"scale":[0.25,0.25,0.25]},"gui":{"rotation":[30,-135,0],"scale":[0.625,0.625,0.625]},"fixed":{"scale":[0.5,0.5,0.5]}},"groups":[{"name":"group","origin":[8,8,8],"color":0,"children":[0,1,2]}]}