{
  "multipart": [
    {
      "apply": {
        "model": "paradox:block/bronze_reinforced_glass_post"
      }
    },
    {
      "when": {
        "north": true
      },
      "apply": {
        "model": "paradox:block/bronze_reinforced_glass_side"
      }
    },
    {
      "when": {
        "east": true
      },
      "apply": {
        "model": "paradox:block/bronze_reinforced_glass_side",
        "y": 90
      }
    },
    {
      "when": {
        "south": true
      },
      "apply": {
        "model": "paradox:block/bronze_reinforced_glass_side_alt"
      }
    },
    {
      "when": {
        "west": true
      },
      "apply": {
        "model": "paradox:block/bronze_reinforced_glass_side_alt",
        "y": 90
      }
    },
    {
      "when": {
        "north": false
      },
      "apply": {
        "model": "paradox:block/bronze_reinforced_glass_noside"
      }
    },
    {
      "when": {
        "east": false
      },
      "apply": {
        "model": "paradox:block/bronze_reinforced_glass_noside_alt"
      }
    },
    {
      "when": {
        "south": false
      },
      "apply": {
        "model": "paradox:block/bronze_reinforced_glass_noside_alt",
        "y": 90
      }
    },
    {
      "when": {
        "west": false
      },
      "apply": {
        "model": "paradox:block/bronze_reinforced_glass_noside",
        "y": 270
      }
    }
  ]
}