{
  "variants": {
    "facing=north": {
      "model": "paradox:block/wall_ligth_off"
    },
    "facing=east": {
      "model": "paradox:block/wall_ligth_off",
      "y": 90
    },
    "facing=south": {
      "model": "paradox:block/wall_ligth_off",
      "y": 180
    },
    "facing=west": {
      "model": "paradox:block/wall_ligth_off",
      "y": 270
    },
    "facing=up": {
      "model": "paradox:block/wall_ligth_off",
      "x": 270
    },
    "facing=down": {
      "model": "paradox:block/wall_ligth_off",
      "x": 90
    }
  }
}