{
  "format_version": "1.21.6",
  "credit": "Made with Blockbench",
  "elements": [
    {
      "from": [
        3,
        14,
        3
      ],
      "to": [
        13,
        16,
        13
      ],
      "rotation": {
        "angle": 0,
        "axis": "y",
        "origin": [
          3,
          14,
          3
        ]
      },
      "faces": {
        "north": {
          "uv": [
            3,
            7,
            13,
            9
          ],
          "texture": "#1"
        },
        "east": {
          "uv": [
            3,
            7,
            13,
            9
          ],
          "texture": "#1"
        },
        "south": {
          "uv": [
            3,
            7,
            13,
            9
          ],
          "texture": "#1"
        },
        "west": {
          "uv": [
            3,
            7,
            13,
            9
          ],
          "texture": "#1"
        },
        "up": {
          "uv": [
            3,
            3,
            13,
            13
          ],
          "texture": "#1"
        },
        "down": {
          "uv": [
            3,
            3,
            13,
            13
          ],
          "texture": "#1"
        }
      }
    },
    {
      "from": [
        4,
        5,
        4
      ],
      "to": [
        12,
        14,
        12
      ],
      "rotation": {
        "angle": 0,
        "axis": "y",
        "origin": [
          4,
          12,
          4
        ]
      },
      "faces": {
        "north": {
          "uv": [
            0,
            1,
            8,
            10
          ],
          "texture": "#0"
        },
        "east": {
          "uv": [
            0,
            1,
            8,
            10
          ],
          "texture": "#0"
        },
        "south": {
          "uv": [
            0,
            1,
            8,
            10
          ],
          "texture": "#0"
        },
        "west": {
          "uv": [
            0,
            1,
            8,
            10
          ],
          "texture": "#0"
        },
        "up": {
          "uv": [
            8,
            0,
            16,
            8
          ],
          "texture": "#0"
        },
        "down": {
          "uv": [
            8,
            0,
            16,
            8
          ],
          "texture": "#0"
        }
      }
    },
    {
      "from": [
        6,
        8,
        6
      ],
      "to": [
        10,
        14,
        10
      ],
      "rotation": {
        "angle": 0,
        "axis": "y",
        "origin": [
          6,
          15,
          6
        ]
      },
      "faces": {
        "north": {
          "uv": [
            0,
            10,
            4,
            16
          ],
          "texture": "#0"
        },
        "east": {
          "uv": [
            0,
            10,
            4,
            16
          ],
          "texture": "#0"
        },
        "south": {
          "uv": [
            0,
            10,
            4,
            16
          ],
          "texture": "#0"
        },
        "west": {
          "uv": [
            0,
            10,
            4,
            16
          ],
          "texture": "#0"
        },
        "up": {
          "uv": [
            8,
            10,
            12,
            14
          ],
          "texture": "#0"
        },
        "down": {
          "uv": [
            8,
            10,
            12,
            14
          ],
          "texture": "#0"
        }
      }
    }
  ],
  "display": {
    "thirdperson_righthand": {
      "rotation": [
        75,
        45,
        0
      ],
      "translation": [
        0,
        2.5,
        0
      ],
      "scale": [
        0.375,
        0.375,
        0.375
      ]
    },
    "thirdperson_lefthand": {
      "rotation": [
        75,
        45,
        0
      ],
      "translation": [
        0,
        2.5,
        0
      ],
      "scale": [
        0.375,
        0.375,
        0.375
      ]
    },
    "firstperson_righthand": {
      "rotation": [
        0,
        45,
        0
      ],
      "scale": [
        0.4,
        0.4,
        0.4
      ]
    },
    "firstperson_lefthand": {
      "rotation": [
        0,
        -135,
        0
      ],
      "scale": [
        0.4,
        0.4,
        0.4
      ]
    },
    "ground": {
      "translation": [
        0,
        3,
        0
      ],
      "scale": [
        0.25,
        0.25,
        0.25
      ]
    },
    "gui": {
      "rotation": [
        30,
        -135,
        0
      ],
      "scale": [
        0.625,
        0.625,
        0.625
      ]
    },
    "fixed": {
      "scale": [
        0.5,
        0.5,
        0.5
      ]
    }
  }
}