{
  "format_version": "1.21.6",
  "credit": "Made with Blockbench",
  "elements": [
    {
      "from": [
        0,
        0,
        14.01
      ],
      "to": [
        16,
        14,
        16.01
      ],
      "rotation": {
        "angle": 0,
        "axis": "y",
        "origin": [
          6,
          0,
          12
        ]
      },
      "faces": {
        "north": {
          "uv": [
            0,
            0,
            16,
            14
          ],
          "texture": "#0"
        },
        "east": {
          "uv": [
            9,
            3,
            12,
            11
          ],
          "texture": "#1"
        },
        "south": {
          "uv": [
            1,
            0,
            4,
            2
          ],
          "texture": "#0"
        },
        "west": {
          "uv": [
            9,
            3,
            12,
            11
          ],
          "texture": "#1"
        },
        "up": {
          "uv": [
            9,
            4,
            16,
            7
          ],
          "texture": "#1"
        },
        "down": {
          "uv": [
            0,
            14,
            16,
            16
          ],
          "texture": "#0"
        }
      }
    },
    {
      "from": [
        0,
        0,
        14.01
      ],
      "to": [
        16,
        0,
        16.01
      ],
      "rotation": {
        "angle": 0,
        "axis": "y",
        "origin": [
          6,
          0,
          12
        ]
      },
      "faces": {
        "north": {
          "uv": [
            0,
            0,
            16,
            14
          ],
          "texture": "#0"
        },
        "east": {
          "uv": [
            9,
            2,
            14,
            16
          ],
          "texture": "#1"
        },
        "south": {
          "uv": [
            1,
            0,
            4,
            2
          ],
          "texture": "#0"
        },
        "west": {
          "uv": [
            9,
            2,
            14,
            16
          ],
          "texture": "#1"
        },
        "up": {
          "uv": [
            0,
            14,
            16,
            16
          ],
          "texture": "#0"
        },
        "down": {
          "uv": [
            1,
            14,
            4,
            15
          ],
          "texture": "#0"
        }
      }
    },
    {
      "from": [
        0,
        0,
        14
      ],
      "to": [
        16,
        14,
        14
      ],
      "rotation": {
        "angle": 0,
        "axis": "y",
        "origin": [
          6,
          0,
          12
        ]
      },
      "faces": {
        "north": {
          "uv": [
            1,
            0,
            4,
            2
          ],
          "texture": "#0"
        },
        "east": {
          "uv": [
            9,
            2,
            14,
            16
          ],
          "texture": "#1"
        },
        "south": {
          "uv": [
            0,
            0,
            16,
            14
          ],
          "texture": "#0"
        },
        "west": {
          "uv": [
            9,
            2,
            14,
            16
          ],
          "texture": "#1"
        },
        "up": {
          "uv": [
            9,
            4,
            16,
            7
          ],
          "texture": "#1"
        },
        "down": {
          "uv": [
            0,
            14,
            16,
            16
          ],
          "texture": "#0"
        }
      }
    },
    {
      "from": [
        0,
        14,
        13
      ],
      "to": [
        16,
        16,
        15
      ],
      "rotation": {
        "angle": 0,
        "axis": "y",
        "origin": [
          6,
          14,
          11
        ]
      },
      "faces": {
        "north": {
          "uv": [
            0,
            0,
            16,
            2
          ],
          "texture": "#1"
        },
        "east": {
          "uv": [
            0,
            5,
            2,
            7
          ],
          "texture": "#1"
        },
        "south": {
          "uv": [
            0,
            0,
            16,
            2
          ],
          "texture": "#1"
        },
        "west": {
          "uv": [
            0,
            5,
            2,
            7
          ],
          "texture": "#1"
        },
        "up": {
          "uv": [
            0,
            11,
            16,
            13
          ],
          "texture": "#1"
        },
        "down": {
          "uv": [
            0,
            14,
            16,
            16
          ],
          "texture": "#1"
        }
      }
    }
  ],
  "display": {
    "thirdperson_righthand": {
      "rotation": [
        75,
        45,
        0
      ],
      "translation": [
        0,
        2.5,
        0
      ],
      "scale": [
        0.375,
        0.375,
        0.375
      ]
    },
    "thirdperson_lefthand": {
      "rotation": [
        75,
        45,
        0
      ],
      "translation": [
        0,
        2.5,
        0
      ],
      "scale": [
        0.375,
        0.375,
        0.375
      ]
    },
    "firstperson_righthand": {
      "rotation": [
        0,
        86,
        0
      ],
      "translation": [
        -2.25,
        4,
        0
      ],
      "scale": [
        0.4,
        0.4,
        0.4
      ]
    },
    "firstperson_lefthand": {
      "rotation": [
        0,
        86,
        0
      ],
      "translation": [
        -2.25,
        4,
        0
      ],
      "scale": [
        0.4,
        0.4,
        0.4
      ]
    },
    "ground": {
      "translation": [
        0,
        3,
        0
      ],
      "scale": [
        0.25,
        0.25,
        0.25
      ]
    },
    "gui": {
      "rotation": [
        0,
        180,
        0
      ],
      "scale": [
        0.625,
        0.625,
        0.625
      ]
    },
    "fixed": {
      "translation": [
        0,
        0,
        -4
      ],
      "scale": [
        0.625,
        0.625,
        0.625
      ]
    }
  }
}