{
  "format_version": "1.21.6",
  "credit": "Made with Blockbench",
  "elements": [
    {
      "from": [
        -0.2,
        -0.2,
        15.67
      ],
      "to": [
        16.2,
        16.2,
        16.07
      ],
      "rotation": {
        "angle": 0,
        "axis": "y",
        "origin": [
          0,
          0,
          13
        ]
      },
      "faces": {
        "north": {
          "uv": [
            0,
            0,
            16,
            16
          ],
          "texture": "#0"
        },
        "east": {
          "uv": [
            0,
            0,
            0,
            16
          ],
          "texture": "#0"
        },
        "south": {
          "uv": [
            0,
            0,
            16,
            16
          ],
          "texture": "#0"
        },
        "west": {
          "uv": [
            0,
            0,
            0,
            16
          ],
          "texture": "#0"
        },
        "up": {
          "uv": [
            0,
            0,
            16,
            0
          ],
          "texture": "#0"
        },
        "down": {
          "uv": [
            0,
            0,
            16,
            0
          ],
          "texture": "#0"
        }
      }
    }
  ],
  "display": {
    "thirdperson_righthand": {
      "rotation": [
        75,
        45,
        0
      ],
      "translation": [
        0,
        2.5,
        0
      ],
      "scale": [
        0.375,
        0.375,
        0.375
      ]
    },
    "thirdperson_lefthand": {
      "rotation": [
        75,
        45,
        0
      ],
      "translation": [
        0,
        2.5,
        0
      ],
      "scale": [
        0.375,
        0.375,
        0.375
      ]
    },
    "firstperson_righthand": {
      "rotation": [
        0,
        45,
        0
      ],
      "scale": [
        0.4,
        0.4,
        0.4
      ]
    },
    "firstperson_lefthand": {
      "rotation": [
        0,
        -135,
        0
      ],
      "scale": [
        0.4,
        0.4,
        0.4
      ]
    },
    "ground": {
      "translation": [
        0,
        3,
        0
      ],
      "scale": [
        0.25,
        0.25,
        0.25
      ]
    },
    "gui": {
      "translation": [
        0,
        0,
        -8
      ]
    },
    "fixed": {
      "translation": [
        0,
        0,
        -8
      ]
    }
  }
}