{
  "format_version": "1.21.6",
  "credit": "Made with Blockbench",
  "elements": [
    {
      "from": [
        6.5,
        8.5,
        2
      ],
      "to": [
        9.5,
        10.5,
        9
      ],
      "rotation": {
        "angle": 0,
        "axis": "y",
        "origin": [
          0,
          0,
          -5
        ]
      },
      "faces": {
        "north": {
          "uv": [
            12,
            0.5,
            13.5,
            1.5
          ],
          "texture": "#2"
        },
        "east": {
          "uv": [
            3,
            0.5,
            6.5,
            1.5
          ],
          "texture": "#2"
        },
        "south": {
          "uv": [
            12,
            0.5,
            13.5,
            1.5
          ],
          "texture": "#2"
        },
        "west": {
          "uv": [
            6.5,
            0.5,
            3,
            1.5
          ],
          "texture": "#2"
        },
        "up": {
          "uv": [
            2,
            9,
            3.5,
            5.5
          ],
          "texture": "#2"
        },
        "down": {
          "uv": [
            2,
            5,
            3.5,
            1.5
          ],
          "texture": "#2"
        }
      }
    },
    {
      "from": [
        6.5,
        8.5,
        9
      ],
      "to": [
        9.5,
        10.5,
        14
      ],
      "faces": {
        "north": {
          "uv": [
            12,
            0.5,
            13.5,
            1.5
          ],
          "texture": "#2"
        },
        "east": {
          "uv": [
            2.5,
            0.5,
            5,
            1.5
          ],
          "texture": "#2"
        },
        "south": {
          "uv": [
            2,
            3.5,
            3.5,
            4.5
          ],
          "texture": "#2"
        },
        "west": {
          "uv": [
            5,
            0.5,
            2.5,
            1.5
          ],
          "texture": "#2"
        },
        "up": {
          "uv": [
            2,
            6,
            3.5,
            3.5
          ],
          "texture": "#2"
        },
        "down": {
          "uv": [
            2,
            6,
            3.5,
            3.5
          ],
          "texture": "#2"
        }
      }
    },
    {
      "from": [
        7,
        12.2,
        12.5
      ],
      "to": [
        9,
        15.2,
        17.5
      ],
      "rotation": {
        "angle": 22.5,
        "axis": "x",
        "origin": [
          0,
          0,
          0
        ]
      },
      "faces": {
        "north": {
          "uv": [
            14,
            6,
            15,
            7.5
          ],
          "texture": "#1"
        },
        "east": {
          "uv": [
            13,
            6,
            15.5,
            7.5
          ],
          "texture": "#1"
        },
        "south": {
          "uv": [
            14,
            6,
            15,
            7.5
          ],
          "texture": "#1"
        },
        "west": {
          "uv": [
            13,
            6,
            15.5,
            7.5
          ],
          "texture": "#1"
        },
        "up": {
          "uv": [
            5.5,
            2,
            6.5,
            4.5
          ],
          "texture": "#1"
        },
        "down": {
          "uv": [
            9,
            9,
            10,
            6.5
          ],
          "texture": "#1"
        }
      }
    },
    {
      "from": [
        7,
        13.2,
        8.5
      ],
      "to": [
        9,
        15.2,
        12.5
      ],
      "rotation": {
        "angle": 22.5,
        "axis": "x",
        "origin": [
          0,
          0,
          0
        ]
      },
      "faces": {
        "north": {
          "uv": [
            12.5,
            6.5,
            13.5,
            8
          ],
          "texture": "#missing"
        },
        "east": {
          "uv": [
            10.5,
            6,
            12.5,
            7
          ],
          "texture": "#1"
        },
        "south": {
          "uv": [
            12.5,
            6.5,
            13.5,
            8
          ],
          "texture": "#missing"
        },
        "west": {
          "uv": [
            10.5,
            6,
            12.5,
            7
          ],
          "texture": "#1"
        },
        "up": {
          "uv": [
            9,
            7,
            10,
            9
          ],
          "texture": "#1"
        },
        "down": {
          "uv": [
            9,
            7,
            10,
            9
          ],
          "texture": "#1"
        }
      }
    },
    {
      "from": [
        6.99,
        10.5,
        12.99
      ],
      "to": [
        9.01,
        11.52,
        14.01
      ],
      "faces": {
        "north": {
          "uv": [
            4,
            1,
            5,
            1.5
          ],
          "texture": "#2"
        },
        "east": {
          "uv": [
            4,
            1,
            4.5,
            1.5
          ],
          "texture": "#2"
        },
        "south": {
          "uv": [
            4,
            1,
            5,
            1.5
          ],
          "texture": "#2"
        },
        "west": {
          "uv": [
            4,
            1,
            4.5,
            1.5
          ],
          "texture": "#2"
        },
        "up": {
          "uv": [
            4,
            1,
            5,
            1.5
          ],
          "texture": "#2"
        },
        "down": {
          "uv": [
            4,
            1,
            5,
            1.5
          ],
          "texture": "#2"
        }
      }
    },
    {
      "from": [
        7.5,
        10.5,
        -8
      ],
      "to": [
        8.5,
        11.5,
        3
      ],
      "faces": {
        "north": {
          "uv": [
            10,
            5.5,
            10.5,
            6
          ],
          "texture": "#1"
        },
        "east": {
          "uv": [
            4,
            1,
            9.5,
            1.5
          ],
          "texture": "#2"
        },
        "south": {
          "uv": [
            0,
            0,
            1,
            1
          ],
          "texture": "#missing"
        },
        "west": {
          "uv": [
            9.5,
            1,
            4,
            1.5
          ],
          "texture": "#2"
        },
        "up": {
          "uv": [
            2,
            11,
            2.5,
            5.5
          ],
          "texture": "#2"
        },
        "down": {
          "uv": [
            2,
            5.5,
            2.5,
            11
          ],
          "texture": "#2"
        }
      }
    },
    {
      "from": [
        7.5,
        10.5,
        2.95
      ],
      "to": [
        8.5,
        11.5,
        13.95
      ],
      "faces": {
        "north": {
          "uv": [
            8.5,
            4,
            9,
            4.5
          ],
          "texture": "#1"
        },
        "east": {
          "uv": [
            0,
            1,
            5.5,
            1.5
          ],
          "texture": "#2"
        },
        "south": {
          "uv": [
            0,
            0,
            1,
            1
          ],
          "texture": "#missing"
        },
        "west": {
          "uv": [
            0,
            1,
            5.5,
            1.5
          ],
          "texture": "#2"
        },
        "up": {
          "uv": [
            2,
            8.5,
            2.5,
            3
          ],
          "texture": "#2"
        },
        "down": {
          "uv": [
            3,
            10.5,
            3.5,
            16
          ],
          "texture": "#1"
        }
      }
    },
    {
      "from": [
        8,
        6.5,
        8.5
      ],
      "to": [
        8,
        8.5,
        12.5
      ],
      "faces": {
        "north": {
          "uv": [
            0,
            0,
            1,
            2
          ],
          "texture": "#missing"
        },
        "east": {
          "uv": [
            5,
            2.5,
            7,
            3.5
          ],
          "texture": "#2"
        },
        "south": {
          "uv": [
            0,
            0,
            1,
            2
          ],
          "texture": "#missing"
        },
        "west": {
          "uv": [
            7,
            2.5,
            5,
            3.5
          ],
          "texture": "#2"
        },
        "up": {
          "uv": [
            0,
            0,
            1,
            0.5
          ],
          "texture": "#missing"
        },
        "down": {
          "uv": [
            0,
            0,
            1,
            0.5
          ],
          "texture": "#missing"
        }
      }
    },
    {
      "from": [
        8,
        11.5,
        -7.5
      ],
      "to": [
        8,
        12.5,
        -6.5
      ],
      "faces": {
        "north": {
          "uv": [
            10,
            0,
            10.5,
            1
          ],
          "texture": "#missing"
        },
        "east": {
          "uv": [
            10,
            0,
            10.5,
            1
          ],
          "texture": "#2"
        },
        "south": {
          "uv": [
            10,
            0,
            10.5,
            1
          ],
          "texture": "#2"
        },
        "west": {
          "uv": [
            10,
            0,
            10.5,
            1
          ],
          "texture": "#2"
        },
        "up": {
          "uv": [
            0,
            0,
            0.5,
            1
          ],
          "texture": "#missing"
        },
        "down": {
          "uv": [
            0,
            0,
            0.5,
            1
          ],
          "texture": "#missing"
        }
      }
    },
    {
      "from": [
        7.6,
        8.5,
        -2.9
      ],
      "to": [
        8.6,
        10.5,
        2.1
      ],
      "rotation": {
        "angle": 0,
        "axis": "y",
        "origin": [
          0,
          0,
          -5
        ]
      },
      "faces": {
        "north": {
          "uv": [
            12,
            7,
            12.5,
            6
          ],
          "rotation": 180,
          "texture": "#1"
        },
        "east": {
          "uv": [
            5.5,
            4.5,
            6.5,
            2
          ],
          "rotation": 270,
          "texture": "#1"
        },
        "south": {
          "uv": [
            0,
            0,
            1.5,
            2
          ],
          "texture": "#missing"
        },
        "west": {
          "uv": [
            9,
            9,
            10,
            6.5
          ],
          "rotation": 90,
          "texture": "#1"
        },
        "up": {
          "uv": [
            9.5,
            6,
            10,
            8.5
          ],
          "rotation": 180,
          "texture": "#1"
        },
        "down": {
          "uv": [
            9.5,
            6.5,
            10,
            9
          ],
          "texture": "#1"
        }
      }
    },
    {
      "from": [
        7.6,
        3.5,
        2.9
      ],
      "to": [
        8.6,
        8.5,
        6.9
      ],
      "rotation": {
        "angle": 0,
        "axis": "y",
        "origin": [
          0,
          0,
          14
        ]
      },
      "faces": {
        "north": {
          "uv": [
            11,
            13.5,
            11.5,
            16
          ],
          "texture": "#3"
        },
        "east": {
          "uv": [
            8.5,
            16,
            10.5,
            13.5
          ],
          "texture": "#3"
        },
        "south": {
          "uv": [
            11,
            13.5,
            11.5,
            16
          ],
          "texture": "#3"
        },
        "west": {
          "uv": [
            8.5,
            16,
            10.5,
            13.5
          ],
          "rotation": 180,
          "texture": "#3"
        },
        "up": {
          "uv": [
            0,
            0,
            1.5,
            2
          ],
          "texture": "#missing"
        },
        "down": {
          "uv": [
            12.5,
            6.5,
            13,
            7.5
          ],
          "texture": "#1"
        }
      }
    }
  ],
  "display": {
    "thirdperson_righthand": {
      "translation": [
        0,
        -0.75,
        -1.75
      ],
      "scale": [
        0.63,
        0.75,
        0.64
      ]
    },
    "thirdperson_lefthand": {
      "scale": [
        0.63,
        0.75,
        0.64
      ]
    },
    "firstperson_righthand": {
      "rotation": [
        24,
        20,
        -0.5
      ],
      "translation": [
        -4.25,
        -4.5,
        -1.5
      ]
    },
    "firstperson_lefthand": {
      "rotation": [
        24,
        -20,
        0.5
      ],
      "translation": [
        -2.5,
        -2.5,
        -6.5
      ]
    },
    "gui": {
      "rotation": [
        -90,
        -128,
        -90
      ],
      "translation": [
        -2,
        -2.25,
        -1
      ],
      "scale": [
        0.71,
        0.75,
        0.73
      ]
    },
    "fixed": {
      "rotation": [
        -90,
        -128,
        -90
      ],
      "translation": [
        -2,
        -2.25,
        -1
      ],
      "scale": [
        0.71,
        0.75,
        0.73
      ]
    }
  },
  "groups": [
    {
      "name": "group",
      "origin": [
        8,
        8,
        8
      ],
      "color": 0,
      "children": [
        0,
        1,
        2,
        3,
        4,
        5,
        6,
        7,
        8,
        9,
        {
          "name": "group",
          "origin": [
            0,
            -2,
            -2
          ],
          "color": 0,
          "children": [
            10
          ]
        },
        {
          "name": "group",
          "origin": [
            0,
            0,
            0
          ],
          "color": 0,
          "children": []
        }
      ]
    }
  ]
}