{
  "format_version": "1.21.6",
  "credit": "Made with Blockbench",
  "texture_size": [
    16,
    32
  ],
  "elements": [
    {
      "from": [
        0,
        0,
        0
      ],
      "to": [
        16,
        32,
        16
      ],
      "faces": {
        "north": {
          "uv": [
            0,
            0,
            16,
            16
          ],
          "texture": "#3"
        },
        "east": {
          "uv": [
            0,
            0,
            16,
            16
          ],
          "texture": "#4"
        },
        "south": {
          "uv": [
            0,
            0,
            16,
            16
          ],
          "texture": "#4"
        },
        "west": {
          "uv": [
            0,
            0,
            16,
            16
          ],
          "texture": "#4"
        },
        "up": {
          "uv": [
            0,
            0,
            16,
            16
          ],
          "texture": "#2"
        },
        "down": {
          "uv": [
            0,
            0,
            16,
            16
          ],
          "texture": "#2"
        }
      }
    },
    {
      "from": [
        1,
        1,
        1
      ],
      "to": [
        15,
        31,
        15
      ],
      "rotation": {
        "angle": 0,
        "axis": "y",
        "origin": [
          1,
          1,
          1
        ]
      },
      "faces": {
        "north": {
          "uv": [
            1,
            0.5,
            14,
            15.5
          ],
          "texture": "#1"
        },
        "east": {
          "uv": [
            0,
            0,
            16,
            16
          ],
          "texture": "#4"
        },
        "south": {
          "uv": [
            0,
            0,
            16,
            16
          ],
          "texture": "#4"
        },
        "west": {
          "uv": [
            0,
            0,
            16,
            16
          ],
          "texture": "#4"
        },
        "up": {
          "uv": [
            0,
            0,
            16,
            16
          ],
          "texture": "#2"
        },
        "down": {
          "uv": [
            5,
            15.5,
            11,
            16
          ],
          "texture": "#missing"
        }
      }
    }
  ],
  "display": {
    "thirdperson_righthand": {
      "rotation": [
        75,
        45,
        0
      ],
      "translation": [
        0,
        2.5,
        0
      ],
      "scale": [
        0.375,
        0.375,
        0.375
      ]
    },
    "thirdperson_lefthand": {
      "rotation": [
        75,
        45,
        0
      ],
      "translation": [
        0,
        2.5,
        0
      ],
      "scale": [
        0.375,
        0.375,
        0.375
      ]
    },
    "firstperson_righthand": {
      "rotation": [
        0,
        45,
        0
      ],
      "scale": [
        0.4,
        0.4,
        0.4
      ]
    },
    "firstperson_lefthand": {
      "rotation": [
        0,
        -135,
        0
      ],
      "scale": [
        0.4,
        0.4,
        0.4
      ]
    },
    "ground": {
      "translation": [
        0,
        3,
        0
      ],
      "scale": [
        0.25,
        0.25,
        0.25
      ]
    },
    "gui": {
      "rotation": [
        30,
        -135,
        0
      ],
      "scale": [
        0.625,
        0.625,
        0.625
      ]
    },
    "fixed": {
      "scale": [
        0.5,
        0.5,
        0.5
      ]
    }
  }
}