{
  "format_version": "1.21.6",
  "credit": "Made with Blockbench",
  "texture_size": [
    32,
    32
  ],
  "elements": [
    {
      "from": [
        4,
        1.79966,
        12.72001
      ],
      "to": [
        7,
        27.79966,
        15.72001
      ],
      "rotation": {
        "angle": 0,
        "axis": "y",
        "origin": [
          -1,
          -7,
          14
        ]
      },
      "faces": {
        "north": {
          "uv": [
            3,
            1.5,
            1.5,
            14.5
          ],
          "texture": "#0"
        },
        "east": {
          "uv": [
            4.5,
            1.5,
            3,
            14.5
          ],
          "texture": "#0"
        },
        "south": {
          "uv": [
            6,
            1.5,
            4.5,
            14.5
          ],
          "texture": "#0"
        },
        "west": {
          "uv": [
            1.5,
            1.5,
            0,
            14.5
          ],
          "texture": "#0"
        },
        "up": {
          "uv": [
            1.5,
            1.5,
            3,
            0
          ],
          "texture": "#0"
        },
        "down": {
          "uv": [
            3,
            0,
            4.5,
            1.5
          ],
          "texture": "#0"
        }
      }
    },
    {
      "from": [
        3.75,
        1.54966,
        12.47001
      ],
      "to": [
        7.25,
        3.04966,
        15.97001
      ],
      "rotation": {
        "angle": 0,
        "axis": "y",
        "origin": [
          -1,
          -7,
          14
        ]
      },
      "faces": {
        "north": {
          "uv": [
            10,
            13,
            8.5,
            13.5
          ],
          "texture": "#0"
        },
        "east": {
          "uv": [
            11.5,
            13,
            10,
            13.5
          ],
          "texture": "#0"
        },
        "south": {
          "uv": [
            13,
            13,
            11.5,
            13.5
          ],
          "texture": "#0"
        },
        "west": {
          "uv": [
            8.5,
            13,
            7,
            13.5
          ],
          "texture": "#0"
        },
        "up": {
          "uv": [
            8.5,
            13,
            10,
            11.5
          ],
          "texture": "#0"
        },
        "down": {
          "uv": [
            10,
            11.5,
            11.5,
            13
          ],
          "texture": "#0"
        }
      }
    },
    {
      "from": [
        3.75,
        21.54966,
        12.47001
      ],
      "to": [
        7.25,
        23.04966,
        15.97001
      ],
      "rotation": {
        "angle": 0,
        "axis": "y",
        "origin": [
          -1,
          -7,
          14
        ]
      },
      "faces": {
        "north": {
          "uv": [
            10,
            13,
            8.5,
            13.5
          ],
          "texture": "#0"
        },
        "east": {
          "uv": [
            11.5,
            13,
            10,
            13.5
          ],
          "texture": "#0"
        },
        "south": {
          "uv": [
            13,
            13,
            11.5,
            13.5
          ],
          "texture": "#0"
        },
        "west": {
          "uv": [
            8.5,
            13,
            7,
            13.5
          ],
          "texture": "#0"
        },
        "up": {
          "uv": [
            8.5,
            13,
            10,
            11.5
          ],
          "texture": "#0"
        },
        "down": {
          "uv": [
            10,
            11.5,
            11.5,
            13
          ],
          "texture": "#0"
        }
      }
    },
    {
      "from": [
        1,
        24.79966,
        12.72001
      ],
      "to": [
        4,
        27.79966,
        15.72001
      ],
      "rotation": {
        "angle": 0,
        "axis": "y",
        "origin": [
          -1,
          -7,
          14
        ]
      },
      "faces": {
        "north": {
          "uv": [
            11.5,
            1.5,
            10,
            3
          ],
          "texture": "#0"
        },
        "east": {
          "uv": [
            13,
            1.5,
            11.5,
            3
          ],
          "texture": "#0"
        },
        "south": {
          "uv": [
            14.5,
            1.5,
            13,
            3
          ],
          "texture": "#0"
        },
        "west": {
          "uv": [
            10,
            1.5,
            8.5,
            3
          ],
          "texture": "#0"
        },
        "up": {
          "uv": [
            10,
            1.5,
            11.5,
            0
          ],
          "texture": "#0"
        },
        "down": {
          "uv": [
            11.5,
            0,
            13,
            1.5
          ],
          "texture": "#0"
        }
      }
    },
    {
      "from": [
        0.75,
        24.54966,
        12.47001
      ],
      "to": [
        2.25,
        28.04966,
        15.97001
      ],
      "rotation": {
        "angle": 0,
        "axis": "y",
        "origin": [
          -1,
          -7,
          14
        ]
      },
      "faces": {
        "north": {
          "uv": [
            11,
            7.5,
            10.5,
            9
          ],
          "texture": "#0"
        },
        "east": {
          "uv": [
            12.5,
            7.5,
            11,
            9
          ],
          "texture": "#0"
        },
        "south": {
          "uv": [
            13,
            7.5,
            12.5,
            9
          ],
          "texture": "#0"
        },
        "west": {
          "uv": [
            10.5,
            7.5,
            9,
            9
          ],
          "texture": "#0"
        },
        "up": {
          "uv": [
            10.5,
            7.5,
            11,
            6
          ],
          "texture": "#0"
        },
        "down": {
          "uv": [
            11,
            6,
            11.5,
            7.5
          ],
          "texture": "#0"
        }
      }
    }
  ],
  "display": {
    "thirdperson_righthand": {
      "translation": [
        2.5,
        0,
        -3.75
      ]
    },
    "thirdperson_lefthand": {
      "rotation": [
        0,
        -180,
        0
      ],
      "translation": [
        2.5,
        0,
        8.25
      ]
    },
    "firstperson_righthand": {
      "rotation": [
        -11,
        -20,
        17
      ],
      "translation": [
        3.63,
        1.2,
        -0.87
      ],
      "scale": [
        0.68,
        0.68,
        0.68
      ]
    },
    "firstperson_lefthand": {
      "rotation": [
        -26,
        119,
        8
      ],
      "translation": [
        1.38,
        2.75,
        1.88
      ],
      "scale": [
        0.68,
        0.68,
        0.68
      ]
    },
    "gui": {
      "rotation": [
        -180,
        -180,
        -138
      ],
      "translation": [
        6.25,
        -2.5,
        -8
      ],
      "scale": [
        0.81,
        0.79,
        0.81
      ]
    },
    "fixed": {
      "rotation": [
        -180,
        -180,
        -138
      ],
      "translation": [
        6,
        -2.75,
        -8
      ],
      "scale": [
        0.81,
        0.79,
        0.81
      ]
    }
  },
  "groups": [
    {
      "name": "leftArm",
      "origin": [
        4,
        16,
        14
      ],
      "color": 4,
      "children": [
        {
          "name": "bone3",
          "origin": [
            4,
            15,
            14
          ],
          "color": 5,
          "children": [
            {
              "name": "bone5",
              "origin": [
                4,
                4.79966,
                13.72001
              ],
              "color": 6,
              "children": [
                0,
                1,
                2,
                3,
                4
              ]
            }
          ]
        }
      ]
    }
  ]
}