{
  "format_version": "1.21.6",
  "credit": "Made with Blockbench",
  "elements": [
    {
      "from": [
        0,
        0,
        0
      ],
      "to": [
        16,
        16,
        4
      ],
      "faces": {
        "north": {
          "uv": [
            0,
            0,
            16,
            16
          ],
          "texture": "#0"
        },
        "east": {
          "uv": [
            0,
            16,
            4,
            0
          ],
          "texture": "#1"
        },
        "south": {
          "uv": [
            0,
            0,
            16,
            16
          ],
          "texture": "#0"
        },
        "west": {
          "uv": [
            0,
            16,
            4,
            0
          ],
          "texture": "#1"
        },
        "up": {
          "uv": [
            0,
            12,
            16,
            16
          ],
          "texture": "#0"
        },
        "down": {
          "uv": [
            0,
            12,
            16,
            16
          ],
          "texture": "#0"
        }
      }
    },
    {
      "from": [
        0,
        16,
        0
      ],
      "to": [
        16,
        32,
        4
      ],
      "rotation": {
        "angle": 0,
        "axis": "y",
        "origin": [
          0,
          16,
          0
        ]
      },
      "faces": {
        "north": {
          "uv": [
            0,
            0,
            16,
            16
          ],
          "texture": "#1"
        },
        "east": {
          "uv": [
            0,
            0,
            4,
            16
          ],
          "texture": "#1"
        },
        "south": {
          "uv": [
            0,
            0,
            16,
            16
          ],
          "texture": "#1"
        },
        "west": {
          "uv": [
            0,
            0,
            4,
            16
          ],
          "texture": "#1"
        },
        "up": {
          "uv": [
            0,
            12,
            16,
            16
          ],
          "texture": "#0"
        },
        "down": {
          "uv": [
            0,
            12,
            16,
            16
          ],
          "texture": "#0"
        }
      }
    }
  ],
  "display": {
    "thirdperson_righthand": {
      "rotation": [
        75,
        45,
        0
      ],
      "translation": [
        0,
        -1.25,
        0
      ],
      "scale": [
        0.375,
        0.375,
        0.375
      ]
    },
    "thirdperson_lefthand": {
      "rotation": [
        75,
        45,
        0
      ],
      "translation": [
        0,
        -0.75,
        0
      ],
      "scale": [
        0.375,
        0.375,
        0.375
      ]
    },
    "firstperson_righthand": {
      "rotation": [
        0,
        45,
        0
      ],
      "scale": [
        0.4,
        0.4,
        0.4
      ]
    },
    "firstperson_lefthand": {
      "rotation": [
        0,
        -135,
        0
      ],
      "scale": [
        0.4,
        0.4,
        0.4
      ]
    },
    "ground": {
      "translation": [
        0,
        3,
        0
      ],
      "scale": [
        0.25,
        0.25,
        0.25
      ]
    },
    "gui": {
      "translation": [
        0.75,
        -4,
        3.25
      ],
      "scale": [
        0.5,
        0.46,
        0.5
      ]
    },
    "fixed": {
      "translation": [
        0.75,
        -3.5,
        3.25
      ],
      "scale": [
        0.5,
        0.5,
        0.5
      ]
    }
  }
}