{
  "format_version": "1.21.6",
  "credit": "Made with Blockbench",
  "elements": [
    {
      "from": [
        3.9,
        3.9,
        12.9
      ],
      "to": [
        12.1,
        12.1,
        13.1
      ],
      "rotation": {
        "angle": 0,
        "axis": "y",
        "origin": [
          4,
          4,
          13
        ]
      },
      "faces": {
        "north": {
          "uv": [
            11,
            11,
            15,
            15
          ],
          "texture": "#0"
        },
        "east": {
          "uv": [
            0,
            0,
            0,
            8
          ],
          "texture": "#missing"
        },
        "south": {
          "uv": [
            11,
            11,
            15,
            15
          ],
          "texture": "#0"
        },
        "west": {
          "uv": [
            0,
            0,
            0,
            8
          ],
          "texture": "#missing"
        },
        "up": {
          "uv": [
            0,
            0,
            8,
            0
          ],
          "texture": "#missing"
        },
        "down": {
          "uv": [
            0,
            0,
            8,
            0
          ],
          "texture": "#missing"
        }
      }
    },
    {
      "from": [
        6,
        6,
        13.15
      ],
      "to": [
        10,
        10,
        16.15
      ],
      "rotation": {
        "angle": 0,
        "axis": "y",
        "origin": [
          6,
          6,
          15
        ]
      },
      "faces": {
        "north": {
          "uv": [
            1,
            8,
            3,
            10
          ],
          "texture": "#0"
        },
        "east": {
          "uv": [
            3,
            10,
            1.5,
            8
          ],
          "texture": "#0"
        },
        "south": {
          "uv": [
            5.5,
            10,
            7.5,
            8
          ],
          "texture": "#0"
        },
        "west": {
          "uv": [
            1.5,
            10,
            3,
            8
          ],
          "texture": "#0"
        },
        "up": {
          "uv": [
            6.5,
            7,
            4.5,
            8.5
          ],
          "texture": "#0"
        },
        "down": {
          "uv": [
            6,
            10,
            4,
            8.5
          ],
          "texture": "#0"
        }
      }
    },
    {
      "from": [
        3,
        3,
        12.5
      ],
      "to": [
        13,
        13,
        13.5
      ],
      "rotation": {
        "angle": 0,
        "axis": "y",
        "origin": [
          4,
          4,
          13
        ]
      },
      "faces": {
        "north": {
          "uv": [
            5.5,
            10.5,
            10.5,
            15.5
          ],
          "texture": "#0"
        },
        "east": {
          "uv": [
            5.5,
            10.5,
            6,
            15.5
          ],
          "texture": "#0"
        },
        "south": {
          "uv": [
            5.5,
            10.5,
            10.5,
            15.5
          ],
          "texture": "#0"
        },
        "west": {
          "uv": [
            5.5,
            10.5,
            6,
            15.5
          ],
          "texture": "#0"
        },
        "up": {
          "uv": [
            5.5,
            10.5,
            10.5,
            11
          ],
          "texture": "#0"
        },
        "down": {
          "uv": [
            5.5,
            10.5,
            10.5,
            11
          ],
          "texture": "#0"
        }
      }
    }
  ],
  "display": {
    "thirdperson_righthand": {
      "rotation": [
        75,
        45,
        0
      ],
      "translation": [
        -1.25,
        2.5,
        0
      ],
      "scale": [
        0.375,
        0.375,
        0.375
      ]
    },
    "thirdperson_lefthand": {
      "rotation": [
        75,
        45,
        0
      ],
      "translation": [
        -1.25,
        2.5,
        0
      ],
      "scale": [
        0.375,
        0.375,
        0.375
      ]
    },
    "firstperson_righthand": {
      "rotation": [
        0,
        131,
        0
      ],
      "translation": [
        0,
        2.5,
        0
      ],
      "scale": [
        0.4,
        0.4,
        0.4
      ]
    },
    "firstperson_lefthand": {
      "rotation": [
        0,
        131,
        0
      ],
      "translation": [
        0,
        2.5,
        0
      ],
      "scale": [
        0.4,
        0.4,
        0.4
      ]
    },
    "ground": {
      "rotation": [
        93,
        0,
        0
      ],
      "translation": [
        0,
        3,
        0
      ],
      "scale": [
        0.63,
        0.68,
        0.75
      ]
    },
    "gui": {
      "translation": [
        0,
        0,
        -4.75
      ],
      "scale": [
        0.98,
        1,
        0.93
      ]
    },
    "fixed": {
      "translation": [
        0,
        0,
        -4.75
      ],
      "scale": [
        0.98,
        1,
        0.93
      ]
    }
  }
}